Gmt time,Open,High,Low,Close,Volume,Dividends,Stock Splits
23.01.2023 00:00:00.000,137.35225233023866,142.5233601642238,137.1334739907713,140.3256378173828,81760300,0.0,0
24.01.2023 00:00:00.000,139.5301008476061,142.36426552552766,139.52016189406746,141.73776245117188,66435100,0.0,0
25.01.2023 00:00:00.000,140.106862696514,141.63829593399345,138.03842255019737,141.07147216796875,65799300,0.0,0
26.01.2023 00:00:00.000,142.3742031889364,143.44820194639647,141.11125809813043,143.15982055664062,54105100,0.0,0
27.01.2023 00:00:00.000,142.36425849041646,146.41162778096455,142.2847013441142,145.1188507080078,70555800,0.0,0
30.01.2023 00:00:00.000,144.1542512405781,144.74096810305164,142.05597899985742,142.20513916015625,64015300,0.0,0
31.01.2023 00:00:00.000,141.90678734344363,143.5376706623454,141.48912376867304,143.48794555664062,65874500,0.0,0
01.02.2023 00:00:00.000,143.1697516372777,145.79507673093465,140.53448759071875,144.6216278076172,77663600,0.0,0
02.02.2023 00:00:00.000,148.07234822729384,150.3396738622469,147.34641010772788,149.981689453125,118339000,0.0,0
03.02.2023 00:00:00.000,147.207182024485,156.50521662396088,147.0082967484801,153.64122009277344,154357300,0.0,0
06.02.2023 00:00:00.000,151.72195437162094,152.2490071785243,149.94189550198791,150.88661193847656,69858300,0.0,0
07.02.2023 00:00:00.000,149.80268459271556,154.36716797344238,149.80268459271556,153.79039001464844,83322600,0.0,0
08.02.2023 00:00:00.000,153.02467367757205,153.72077974191507,150.3297303457898,151.0755615234375,64120100,0.0,0
09.02.2023 00:00:00.000,152.92523134836117,153.4721772750098,149.5839068929872,150.03140258789062,56007100,0.0,0
10.02.2023 00:00:00.000,148.85616152025986,150.7285556495188,148.6171256922703,150.39988708496094,57450700,0.23,0
13.02.2023 00:00:00.000,150.3401464530594,153.6367713472545,150.3102688713165,153.2284393310547,62199000,0.0,0
14.02.2023 00:00:00.000,151.50541616446253,153.14875912902346,150.25051215282318,152.5810546875,61707600,0.0,0
15.02.2023 00:00:00.000,152.49142141204047,154.87176497319618,152.2623548894664,154.70245361328125,65573800,0.0,0
16.02.2023 00:00:00.000,152.88980037680486,155.69841461880284,152.73045834096655,153.08900451660156,68167900,0.0,0
17.02.2023 00:00:00.000,151.7344963627943,152.38186421688505,150.2405565175307,151.93368530273438,59144100,0.0,0
21.02.2023 00:00:00.000,149.59317925778595,150.68874126558396,147.81041766016108,147.880126953125,58867200,0.0,0
22.02.2023 00:00:00.000,148.26854847852874,149.34418701615735,146.56546552514016,148.3083953857422,51011300,0.0,0
23.02.2023 00:00:00.000,149.48361673544665,149.73260670876724,146.64514015787685,148.79640197753906,48394200,0.0,0
24.02.2023 00:00:00.000,146.51565692143686,146.59533553460565,145.13127331155462,146.11727905273438,55469600,0.0,0
27.02.2023 00:00:00.000,147.11324462513485,148.56733757970076,146.85428532301114,147.3223876953125,44998500,0.0,0
28.02.2023 00:00:00.000,146.4559069516034,148.47770434135202,146.23679455690868,146.814453125,50547000,0.0,0
01.03.2023 00:00:00.000,146.236794214235,146.63517209612348,144.42413989821574,144.72293090820312,55479000,0.0,0
02.03.2023 00:00:00.000,143.79669345182052,146.11728181386064,143.3186217637737,145.3205108642578,52238100,0.0,0
03.03.2023 00:00:00.000,147.44190459506214,150.49950894207615,146.734781539601,150.41983032226562,70732300,0.0,0
06.03.2023 00:00:00.000,153.16866444663057,155.66853349099347,152.84001105716584,153.20851135253906,87558000,0.0,0
07.03.2023 00:00:00.000,153.07904033317436,153.4077089383081,150.51943117994628,150.98753356933594,56182000,0.0,0
08.03.2023 00:00:00.000,152.19264046327316,152.8499776902654,151.2166039486485,152.2523956298828,47204800,0.0,0
09.03.2023 00:00:00.000,152.9396000232387,153.9156364713841,149.62305172801078,149.98159790039062,53833600,0.0,0
10.03.2023 00:00:00.000,149.60313772552362,150.33018417039932,147.01363600256323,147.90003967285156,68572400,0.0,0
13.03.2023 00:00:00.000,147.2128340178069,152.5213022393737,147.1032778182195,149.86209106445312,84457100,0.0,0
14.03.2023 00:00:00.000,150.66882089048352,152.78025113359334,149.49359543732402,151.97352600097656,73695900,0.0,0
15.03.2023 00:00:00.000,150.57918678102666,152.6308618397936,149.31431339345124,152.37191772460938,77167900,0.0,0
16.03.2023 00:00:00.000,151.5452578126157,155.82788830282473,151.02735442383323,155.22035217285156,76161100,0.0,0
17.03.2023 00:00:00.000,155.44941777627795,156.10675493543667,153.65668697727304,154.373779296875,98944600,0.0,0
20.03.2023 00:00:00.000,154.4435106439035,157.18240039827577,153.52721415259202,156.7640838623047,73641400,0.0,0
21.03.2023 00:00:00.000,156.68440192554155,158.75598492144715,155.90753930565145,158.636474609375,73938300,0.0,0
22.03.2023 00:00:00.000,158.65641455861035,161.4849370174763,157.1724288417913,157.19235229492188,75701800,0.0,0
23.03.2023 00:00:00.000,158.1883007091018,160.89731264682996,157.04293779293113,158.2878875732422,67622100,0.0,0
24.03.2023 00:00:00.000,158.21820109152029,159.69221758865424,157.2122869950206,159.6025848388672,59196500,0.0,0
27.03.2023 00:00:00.000,159.29383054631492,160.12047909583956,157.23218623657115,157.64053344726562,52390300,0.0,0
28.03.2023 00:00:00.000,157.33177596448277,157.84967933261083,155.34981042672757,157.0130615234375,45992200,0.0,0
29.03.2023 00:00:00.000,158.72613036772714,160.39935096515103,158.7062221109209,160.1204833984375,51305700,0.0,0
30.03.2023 00:00:00.000,160.8774072157527,161.81361198695768,160.6184631034132,161.7040557861328,49501700,0.0,0
31.03.2023 00:00:00.000,161.78372708636002,164.33338197515917,161.25586956002934,164.23377990722656,68749800,0.0,0
03.04.2023 00:00:00.000,163.60633946720904,165.6181675532587,163.55653843203822,165.4986572265625,56976200,0.0,0
04.04.2023 00:00:00.000,165.9269282827113,166.16594893666584,164.44294253512697,164.96084594726562,46278300,0.0,0
05.04.2023 00:00:00.000,164.07444032131602,164.3831854605127,161.14631576727714,163.098388671875,51511700,0.0,0
06.04.2023 00:00:00.000,161.7737646425446,164.29355725471697,161.3455091659301,163.99476623535156,45390100,0.0,0
10.04.2023 00:00:00.000,160.7678453225077,161.37538146972656,159.4332627030899,161.37538146972656,47716900,0.0,0
11.04.2023 00:00:00.000,161.69410104147343,161.70405516982228,159.86152321673774,160.15036010742188,47644200,0.0,0
12.04.2023 00:00:00.000,160.56865625983502,161.40525892834413,159.13447157259543,159.45318603515625,50133100,0.0,0
13.04.2023 00:00:00.000,160.97699829542807,165.1301491204927,160.76784003644804,164.89111328125,68445600,0.0,0
14.04.2023 00:00:00.000,163.9250360328323,165.6480575990327,163.1581578529949,164.54254150390625,49386500,0.0,0
17.04.2023 00:00:00.000,164.4230204419583,164.72181145901584,163.36730535254506,164.5624542236328,41516200,0.0,0
18.04.2023 00:00:00.000,165.42895451392155,166.73365962271544,164.98076037670228,165.79745483398438,49923000,0.0,0
19.04.2023 00:00:00.000,165.13016548549533,167.48063161432628,164.8712061680332,166.95277404785156,47720200,0.0,0
20.04.2023 00:00:00.000,165.41897996255747,167.19178740971324,164.89112241914268,165.97671508789062,52456400,0.0,0
21.04.2023 00:00:00.000,164.38319484384465,165.77753271243478,163.8254596964086,164.3533172607422,58337300,0.0,0
24.04.2023 00:00:00.000,164.33337975667342,164.93096176191798,163.22786368497012,164.66204833984375,41949600,0.0,0
25.04.2023 00:00:00.000,164.52261385717676,165.63808405188374,163.06850575581234,163.1083526611328,48714100,0.0,0
26.04.2023 00:00:00.000,162.40121977737576,164.61225198360341,162.14227567288808,163.098388671875,45498800,0.0,0
27.04.2023 00:00:00.000,164.52262209040043,167.879002167386,164.52262209040043,167.7296142578125,64902300,0.0,0
28.04.2023 00:00:00.000,167.80929674838964,169.16380288264065,167.20176057353126,168.99447631835938,55209200,0.0,0
01.05.2023 00:00:00.000,168.59610103494273,169.76137236601937,167.95868726758948,168.90484619140625,52472900,0.0,0
02.05.2023 00:00:00.000,169.40281066234166,169.66176995474493,166.86310995409318,167.85906982421875,48425700,0.0,0
03.05.2023 00:00:00.000,168.81520412378237,170.229465367121,166.48466159027257,166.7734832763672,65136000,0.0,0
04.05.2023 00:00:00.000,164.2238204290328,166.3651280455451,163.6461618875554,165.12017822265625,81235400,0.0,0
05.05.2023 00:00:00.000,170.2892115835582,173.59580559350172,170.07009919990452,172.86875915527344,113316400,0.0,0
08.05.2023 00:00:00.000,171.78315840014966,173.14763379008414,171.41465810215857,172.79904174804688,55962800,0.0,0
09.05.2023 00:00:00.000,172.3508619892183,172.83887260910583,170.90672318826992,171.07603454589844,45326900,0.0,0
10.05.2023 00:00:00.000,172.32098351499195,173.32689752762042,171.20549811001328,172.85879516601562,53724500,0.0,0
11.05.2023 00:00:00.000,173.14763673800144,173.88463734653143,171.4744161837339,173.04803466796875,49514700,0.0,0
12.05.2023 00:00:00.000,173.15772683794515,173.5965577600727,170.54470753384663,172.11053466796875,45497800,0.24,0
15.05.2023 00:00:00.000,172.69897170529623,172.74884162582103,171.01346883143506,171.61187744140625,37266700,0.0,0
16.05.2023 00:00:00.000,171.5320886121992,172.6790206934537,171.3425920451029,171.61187744140625,42110300,0.0,0
17.05.2023 00:00:00.000,171.25283806768712,172.4695758826746,169.9662641010483,172.230224609375,57951600,0.0,0
18.05.2023 00:00:00.000,172.53937852753256,174.77341988989548,172.12049862549483,174.58392333984375,65496700,0.0,0
19.05.2023 00:00:00.000,175.92037022008634,175.92037022008634,174.4742338130598,174.6936492919922,55772400,0.0,0
22.05.2023 00:00:00.000,173.5167753267537,174.24484266444423,172.98818766513122,173.73619079589844,43570900,0.0,0
23.05.2023 00:00:00.000,172.66905294851753,172.9183873331977,170.8239724146191,171.1032257080078,50747300,0.0,0
24.05.2023 00:00:00.000,170.63447366217923,171.96093439787035,170.06599918583328,171.38247680664062,45143500,0.0,0
25.05.2023 00:00:00.000,171.9509613713399,173.43698450104648,171.2328771566265,172.5294189453125,56058300,0.0,0
26.05.2023 00:00:00.000,172.8585534968489,175.302027479357,172.64910591290206,174.96292114257812,54835000,0.0,0
30.05.2023 00:00:00.000,176.4888507966968,178.51344470539902,176.09988978020135,176.82794189453125,55964400,0.0,0
31.05.2023 00:00:00.000,176.8578649999939,178.87249106004813,176.28937530645783,176.778076171875,99625300,0.0,0
01.06.2023 00:00:00.000,177.22686816825384,179.64042305750917,176.4589140431664,179.61050415039062,68901800,0.0,0
02.06.2023 00:00:00.000,180.54800476783768,181.29600788604444,178.78271314778428,180.4682159423828,61945900,0.0,0
05.06.2023 00:00:00.000,182.14375005364516,184.45756510918991,177.5659594241951,179.10186767578125,121946500,0.0,0
06.06.2023 00:00:00.000,179.49083541961747,179.6404299609589,176.95758958637498,178.7328643798828,64848400,0.0,0
07.06.2023 00:00:00.000,177.9649019836467,180.72753105839507,176.84788887825917,177.3465576171875,61944600,0.0,0
08.06.2023 00:00:00.000,177.42632897433313,180.35850355696866,176.987513272895,180.0892333984375,50214900,0.0,0
09.06.2023 00:00:00.000,181.0167507280093,181.74480281971427,180.14907199929021,180.4781951904297,48870700,0.0,0
12.06.2023 00:00:00.000,180.78737954420433,183.40039902062577,180.4881752395526,183.3006591796875,54274900,0.0,0
13.06.2023 00:00:00.000,182.31329329841782,183.65968975747654,181.9542511990364,182.82192993164062,54929100,0.0,0
14.06.2023 00:00:00.000,182.8817780021367,183.89906654379925,181.53538146756506,183.46023559570312,57462900,0.0,0
15.06.2023 00:00:00.000,183.47022541241776,186.02340714751622,183.29069673701926,185.51475524902344,65433200,0.0,0
16.06.2023 00:00:00.000,186.23282120508458,186.49213868648093,183.77937955509887,184.42764282226562,101235600,0.0,0
20.06.2023 00:00:00.000,183.91901689338584,185.60451974788597,183.91901689338584,184.5174102783203,49799100,0.0,0
21.06.2023 00:00:00.000,184.40769931891307,184.91635118810535,182.10385210812808,183.47021484375,49515700,0.0,0
22.06.2023 00:00:00.000,183.25079105974964,186.55197562970827,183.18097013257253,186.50210571289062,51245300,0.0,0
23.06.2023 00:00:00.000,185.05597188032544,187.0606147303333,184.51740112063473,186.18295288085938,53079300,0.0,0
26.06.2023 00:00:00.000,186.3325621647768,187.54931510097455,184.7368161185024,184.77671813964844,48088700,0.0,0
27.06.2023 00:00:00.000,185.3950599323009,187.88840358366767,185.17564447352768,187.5592803955078,50730800,0.0,0
28.06.2023 00:00:00.000,187.429631446172,189.3943875635306,187.10052345898322,188.74612426757812,51216800,0.0,0
29.06.2023 00:00:00.000,188.57656845289964,189.56393801521438,188.4369418174557,189.085205078125,46347300,0.0,0
30.06.2023 00:00:00.000,191.1197861948541,193.96218888244223,190.75076097884076,193.45355224609375,85069600,0.0,0
03.07.2023 00:00:00.000,193.26406367433887,193.3638035137414,191.24943762007845,191.9475860595703,31458200,0.0,0
05.07.2023 00:00:00.000,191.05995363856934,192.4661879585032,190.11247083180476,190.82058715820312,46920300,0.0,0
06.07.2023 00:00:00.000,189.3345450785546,191.50874871594232,188.69624969493077,191.29930114746094,45094300,0.0,0
07.07.2023 00:00:00.000,190.900369559223,192.15700929798075,189.73348654077034,190.17230224609375,46778000,0.0,0
10.07.2023 00:00:00.000,188.75609717546797,189.48416453610363,186.5420066211667,188.1078338623047,59922200,0.0,0
11.07.2023 00:00:00.000,188.65636521815674,188.79599185947893,186.10318365217228,187.57923889160156,46638100,0.0,0
12.07.2023 00:00:00.000,189.1749680502115,191.1895940437778,187.96819820787664,189.26473999023438,60750200,0.0,0
13.07.2023 00:00:00.000,189.9927975213716,190.68096284493777,189.2747132896646,190.03268432617188,41342300,0.0,0
14.07.2023 00:00:00.000,189.72351479139547,190.67098240486143,189.12512140202054,190.1822967529297,41573900,0.0,0
17.07.2023 00:00:00.000,191.38904866778813,193.8026186648106,191.29929195053796,193.47349548339844,50520200,0.0,0
18.07.2023 00:00:00.000,192.83520972432774,193.81259620316635,191.90767794544513,193.2141876220703,48353800,0.0,0
19.07.2023 00:00:00.000,192.5858761596578,197.70220715502236,192.13706211287214,194.58055114746094,80507300,0.0,0
20.07.2023 00:00:00.000,194.57057195548003,195.94690259462328,191.98747144655812,192.6157989501953,59581200,0.0,0
21.07.2023 00:00:00.000,193.583223081012,194.45090187315012,190.7208539857674,191.42897033691406,71917800,0.0,0
24.07.2023 00:00:00.000,192.89504754304855,194.39105377765915,191.73813240259074,192.23680114746094,45377800,0.0,0
25.07.2023 00:00:00.000,192.8152557571185,193.92230096245876,192.40634374024458,193.10447692871094,37283200,0.0,0
26.07.2023 00:00:00.000,193.1543552508233,195.11911137838987,192.8052962504825,193.98214721679688,47471900,0.0,0
27.07.2023 00:00:00.000,195.49809916471943,196.67495009888674,192.03733685495132,192.70555114746094,47460200,0.0,0
28.07.2023 00:00:00.000,194.15169382943293,196.10648207104026,193.6231061595511,195.30860900878906,48291400,0.0,0
31.07.2023 00:00:00.000,195.537995145902,195.96685820042478,194.74012207235688,195.9269561767578,38824100,0.0,0
01.08.2023 00:00:00.000,195.7175151124968,196.20620074446194,194.76006442318797,195.0891876220703,35175100,0.0,0
02.08.2023 00:00:00.000,194.52070251045868,194.66032915403375,191.33920861627192,192.0672607421875,50389300,0.0,0
03.08.2023 00:00:00.000,191.0599548787207,191.8578127154616,190.18229299651043,190.6610107421875,61235200,0.0,0
04.08.2023 00:00:00.000,185.026062911546,186.88111132692333,181.4356417146341,181.50546264648438,115799700,0.0,0
07.08.2023 00:00:00.000,181.64507544757427,182.6424129020176,176.87780363278813,178.37380981445312,97576100,0.0,0
08.08.2023 00:00:00.000,179.21156607716688,179.79002361547555,177.10718348121145,179.32127380371094,67823000,0.0,0
09.08.2023 00:00:00.000,180.38843343652138,180.44827125316823,176.53870997788914,177.715576171875,60378500,0.0,0
10.08.2023 00:00:00.000,179.00212892052593,180.26875179728248,177.12714478268612,177.49615478515625,54686900,0.0,0
11.08.2023 00:00:00.000,177.08670844562434,178.38498585238872,176.3177172632032,177.5560760498047,51988100,0.24,0
14.08.2023 00:00:00.000,177.73584711043483,179.453585335393,177.07671181135976,179.22389221191406,43675600,0.0,0
15.08.2023 00:00:00.000,178.64464865954284,179.24385008356637,176.81705460078118,177.21652221679688,43622600,0.0,0
16.08.2023 00:00:00.000,176.89695302450684,178.30508629087393,176.26777704591515,176.3376922607422,46964900,0.0,0
17.08.2023 00:00:00.000,176.90694055571782,177.27644887923438,173.25175227234058,173.7710723876953,66062900,0.0,0
18.08.2023 00:00:00.000,172.07330078860403,174.86961976016784,171.73375179800243,174.2604217529297,61114200,0.0,0
21.08.2023 00:00:00.000,174.8396666437127,175.89826955702875,173.5114147042101,175.608642578125,46311900,0.0,0
22.08.2023 00:00:00.000,176.82703641390555,177.44621579194137,176.01810458422315,176.99681091308594,42084200,0.0,0
23.08.2023 00:00:00.000,178.28512852757362,181.311140788815,178.09537606916024,180.88169860839844,52722800,0.0,0
24.08.2023 00:00:00.000,180.43228271341783,180.86172486765338,175.7784104228949,176.14793395996094,54945800,0.0,0
25.08.2023 00:00:00.000,177.14662260147787,178.9142828065886,175.5886775616522,178.375,51449600,0.0,0
28.08.2023 00:00:00.000,179.85305211015674,180.35239426065775,178.31508499164744,179.9529266357422,43820700,0.0,0
29.08.2023 00:00:00.000,179.46356384927006,184.65671910906482,179.26383003903044,183.87774658203125,53003900,0.0,0
30.08.2023 00:00:00.000,184.69668071395498,187.60285574456978,184.4969468975517,187.40310668945312,60813900,0.0,0
31.08.2023 00:00:00.000,187.59285868271363,188.87117339097605,187.23333171859525,187.62281799316406,60794500,0.0,0
01.09.2023 00:00:00.000,189.24069844642935,189.67012539208758,188.0322837067646,189.2107391357422,45732600,0.0,0
05.09.2023 00:00:00.000,188.03227905614673,189.7300393208532,187.36316240282707,189.45040893554688,45280000,0.0,0
06.09.2023 00:00:00.000,188.15210888725906,188.6015289961815,181.2312342653739,182.66934204101562,81755800,0.0,0
07.09.2023 00:00:00.000,174.94951193902594,177.97553944955692,173.3116702630629,177.32638549804688,112488800,0.0,0
08.09.2023 00:00:00.000,178.11534637728542,180.00285904574423,177.55607038328313,177.945556640625,65551300,0.0,0
11.09.2023 00:00:00.000,179.83308070318074,180.06277381446856,177.1066617213624,179.12400817871094,58953100,0.0,0
12.09.2023 00:00:00.000,179.25384418348852,179.8930015034427,174.58999049529427,176.0680389404297,90370200,0.0,0
13.09.2023 00:00:00.000,176.27775075918763,177.06671984713338,173.75108083613875,173.9807891845703,84267900,0.0,0
14.09.2023 00:00:00.000,173.7710728480823,175.86831602966524,173.3516272595084,175.5087890625,60895800,0.0,0
15.09.2023 00:00:00.000,176.24779117941324,176.26776913114006,173.59130267081284,174.77972412109375,109205100,0.0,0
18.09.2023 00:00:00.000,176.24779480310914,179.14398831455318,175.93820511918346,177.73583984375,67257600,0.0,0
19.09.2023 00:00:00.000,177.28643272359795,179.3936571053623,176.89694647477478,178.8343963623047,51826900,0.0,0
20.09.2023 00:00:00.000,179.02413825465166,179.46356177532846,175.16921633059536,175.2591094970703,58436200,0.0,0
21.09.2023 00:00:00.000,174.32035125748212,176.06804881902346,173.63125663788023,173.70115661621094,63047900,0.0,0
22.09.2023 00:00:00.000,174.44017558413807,176.8470082765513,173.82099622742402,174.5600128173828,56725400,0.0,0
25.09.2023 00:00:00.000,173.970796337573,176.73715602517788,173.92085907645927,175.84832763671875,46172700,0.0,0
26.09.2023 00:00:00.000,174.5899869384735,174.96947658906004,171.4341410685553,171.73374938964844,64588900,0.0,0
27.09.2023 00:00:00.000,172.3928704586823,172.8123160152803,168.8275756082431,170.20574951171875,66921800,0.0,0
28.09.2023 00:00:00.000,169.1171936994851,171.8036568728258,167.3994555047553,170.46542358398438,56294400,0.0,0
29.09.2023 00:00:00.000,171.79367303446756,172.8422945696302,170.11587553046476,170.9847412109375,51814200,0.0,0
02.10.2023 00:00:00.000,170.9947228250154,174.07067222138798,170.70509585151783,173.52139282226562,52164500,0.0,0
03.10.2023 00:00:00.000,172.03335680074323,173.40156469199417,170.595264169399,172.1731719970703,49594600,0.0,0
04.10.2023 00:00:00.000,170.86489259858556,173.98079796540125,170.7450553594164,173.4315185546875,53020300,0.0,0
05.10.2023 00:00:00.000,173.56133385253202,175.21915341019456,172.45279369514475,174.67987060546875,48527900,0.0,0
06.10.2023 00:00:00.000,173.57133741586642,177.75582714406306,172.95214277673907,177.25648498535156,57224100,0.0,0
09.10.2023 00:00:00.000,176.5773617299011,178.8144199602329,175.56869611233793,178.75450134277344,42390800,0.0,0
10.10.2023 00:00:00.000,177.8656769591528,179.48354062178288,177.71586517342342,178.15528869628906,43698000,0.0,0
11.10.2023 00:00:00.000,177.96552989431072,179.6133680462608,177.36632848891165,179.5634307861328,47551100,0.0,0
12.10.2023 00:00:00.000,179.83308692837298,182.10008928866668,178.80442809283997,180.4722442626953,56743100,0.0,0
13.10.2023 00:00:00.000,181.1812956691862,181.6906191531753,177.90561253268353,178.61468505859375,51427100,0.0,0
16.10.2023 00:00:00.000,176.51745394743472,178.84439024678767,176.27776422417182,178.48486328125,52517000,0.0,0
17.10.2023 00:00:00.000,176.41757374851082,178.18524920880571,174.57001695507628,176.9169158935547,57549400,0.0,0
18.10.2023 00:00:00.000,175.34899014765355,177.3463587354085,174.8796073104341,175.608642578125,54764400,0.0,0
19.10.2023 00:00:00.000,175.8083799863736,177.6060147998771,174.95950746243676,175.22915649414062,59302900,0.0,0
20.10.2023 00:00:00.000,175.07933758477537,175.18919346443127,172.4128524026324,172.6525421142578,64189300,0.0,0
23.10.2023 00:00:00.000,170.685138104863,173.78105030495894,169.7064165147775,172.7723846435547,55980100,0.0,0
24.10.2023 00:00:00.000,172.82232098392805,173.44150037289924,171.22442001009614,173.21180725097656,43816600,0.0,0
25.10.2023 00:00:00.000,171.6538657387105,172.8323059213211,170.42547305366105,170.87489318847656,57157000,0.0,0
26.10.2023 00:00:00.000,170.1458425788756,171.15452349400363,165.452029326567,166.67042541503906,70625300,0.0,0
27.10.2023 00:00:00.000,166.6903985036265,168.737704345899,166.6105019317798,167.99867248535156,58499100,0.0,0
30.10.2023 00:00:00.000,168.79761520936918,170.94478023875968,168.64780342952264,170.06593322753906,51131000,0.0,0
31.10.2023 00:00:00.000,169.12718875588266,170.67513719746998,167.67908436026187,170.54531860351562,44846000,0.0,0
01.11.2023 00:00:00.000,170.7750106172122,174.00075655092,169.89616358092272,173.74110412597656,56934900,0.0,0
02.11.2023 00:00:00.000,175.28907412436936,177.54609517602387,175.22915550404335,177.3363800048828,77334800,0.0,0
03.11.2023 00:00:00.000,174.01075448735614,176.58736175920453,173.1219260874277,176.41757202148438,79763700,0.0,0
06.11.2023 00:00:00.000,176.14794523268097,179.19392021761848,175.9781707269317,178.9941864013672,63841300,0.0,0
07.11.2023 00:00:00.000,178.94423894557974,182.1999593960236,178.7345237840102,181.58078002929688,70530000,0.0,0
08.11.2023 00:00:00.000,182.11008547723097,183.2086290475756,181.35107566780474,182.6493682861328,49340300,0.0,0
09.11.2023 00:00:00.000,182.7192775556024,183.8777397071645,181.57078152191718,182.1699981689453,53763500,0.0,0
10.11.2023 00:00:00.000,183.97000122070312,186.57000732421875,183.52999877929688,186.39999389648438,66133400,0.24,0
13.11.2023 00:00:00.000,185.82000732421875,186.02999877929688,184.2100067138672,184.8000030517578,43627500,0.0,0
14.11.2023 00:00:00.000,187.6999969482422,188.11000061035156,186.3000030517578,187.44000244140625,60108400,0.0,0
15.11.2023 00:00:00.000,187.85000610351562,189.5,187.77999877929688,188.00999450683594,53790500,0.0,0
16.11.2023 00:00:00.000,189.57000732421875,190.9600067138672,188.64999389648438,189.7100067138672,54412900,0.0,0
17.11.2023 00:00:00.000,190.25,190.3800048828125,188.57000732421875,189.69000244140625,50922700,0.0,0
20.11.2023 00:00:00.000,189.88999938964844,191.91000366210938,189.8800048828125,191.4499969482422,46505100,0.0,0
21.11.2023 00:00:00.000,191.41000366210938,191.52000427246094,189.74000549316406,190.63999938964844,38134500,0.0,0
22.11.2023 00:00:00.000,191.49000549316406,192.92999267578125,190.8300018310547,191.30999755859375,39617700,0.0,0
24.11.2023 00:00:00.000,190.8699951171875,190.89999389648438,189.25,189.97000122070312,24048300,0.0,0
27.11.2023 00:00:00.000,189.9199981689453,190.6699981689453,188.89999389648438,189.7899932861328,40552600,0.0,0
28.11.2023 00:00:00.000,189.77999877929688,191.0800018310547,189.39999389648438,190.39999389648438,38415400,0.0,0
29.11.2023 00:00:00.000,190.89999389648438,192.08999633789062,188.97000122070312,189.3699951171875,43014200,0.0,0
30.11.2023 00:00:00.000,189.83999633789062,190.32000732421875,188.19000244140625,189.9499969482422,48794400,0.0,0
01.12.2023 00:00:00.000,190.3300018310547,191.55999755859375,189.22999572753906,191.24000549316406,45679300,0.0,0
04.12.2023 00:00:00.000,189.97999572753906,190.0500030517578,187.4499969482422,189.42999267578125,43389500,0.0,0
05.12.2023 00:00:00.000,190.2100067138672,194.39999389648438,190.17999267578125,193.4199981689453,66628400,0.0,0
06.12.2023 00:00:00.000,194.4499969482422,194.75999450683594,192.11000061035156,192.32000732421875,41089700,0.0,0
07.12.2023 00:00:00.000,193.6300048828125,195.0,193.58999633789062,194.27000427246094,47477700,0.0,0
08.12.2023 00:00:00.000,194.1999969482422,195.99000549316406,193.6699981689453,195.7100067138672,53377300,0.0,0
11.12.2023 00:00:00.000,193.11000061035156,193.49000549316406,191.4199981689453,193.17999267578125,60943700,0.0,0
12.12.2023 00:00:00.000,193.0800018310547,194.72000122070312,191.72000122070312,194.7100067138672,52696900,0.0,0
13.12.2023 00:00:00.000,195.08999633789062,198.0,194.85000610351562,197.9600067138672,70404200,0.0,0
14.12.2023 00:00:00.000,198.02000427246094,199.6199951171875,196.16000366210938,198.11000061035156,66831600,0.0,0
15.12.2023 00:00:00.000,197.52999877929688,198.39999389648438,197.0,197.57000732421875,128256700,0.0,0
18.12.2023 00:00:00.000,196.08999633789062,196.6300048828125,194.38999938964844,195.88999938964844,55751900,0.0,0
19.12.2023 00:00:00.000,196.16000366210938,196.9499969482422,195.88999938964844,196.94000244140625,40714100,0.0,0
20.12.2023 00:00:00.000,196.89999389648438,197.67999267578125,194.8300018310547,194.8300018310547,52242800,0.0,0
21.12.2023 00:00:00.000,196.10000610351562,197.0800018310547,193.5,194.67999267578125,46482500,0.0,0
22.12.2023 00:00:00.000,195.17999267578125,195.41000366210938,192.97000122070312,193.60000610351562,37122800,0.0,0
26.12.2023 00:00:00.000,193.61000061035156,193.88999938964844,192.8300018310547,193.0500030517578,28919300,0.0,0
27.12.2023 00:00:00.000,192.49000549316406,193.5,191.08999633789062,193.14999389648438,48087700,0.0,0
28.12.2023 00:00:00.000,194.13999938964844,194.66000366210938,193.1699981689453,193.5800018310547,34049900,0.0,0
29.12.2023 00:00:00.000,193.89999389648438,194.39999389648438,191.72999572753906,192.52999877929688,42628800,0.0,0
02.01.2024 00:00:00.000,187.14999389648438,188.44000244140625,183.88999938964844,185.63999938964844,82488700,0.0,0
03.01.2024 00:00:00.000,184.22000122070312,185.8800048828125,183.42999267578125,184.25,58414500,0.0,0
04.01.2024 00:00:00.000,182.14999389648438,183.08999633789062,180.8800048828125,181.91000366210938,71983600,0.0,0
05.01.2024 00:00:00.000,181.99000549316406,182.75999450683594,180.1699981689453,181.17999267578125,62303300,0.0,0
08.01.2024 00:00:00.000,182.08999633789062,185.60000610351562,181.5,185.55999755859375,59144500,0.0,0
09.01.2024 00:00:00.000,183.9199981689453,185.14999389648438,182.72999572753906,185.13999938964844,42841800,0.0,0
10.01.2024 00:00:00.000,184.35000610351562,186.39999389648438,183.9199981689453,186.19000244140625,46792900,0.0,0
11.01.2024 00:00:00.000,186.5399932861328,187.0500030517578,183.6199951171875,185.58999633789062,49128400,0.0,0
12.01.2024 00:00:00.000,186.05999755859375,186.74000549316406,185.19000244140625,185.9199981689453,40444700,0.0,0
16.01.2024 00:00:00.000,182.16000366210938,184.25999450683594,180.92999267578125,183.6300048828125,65603000,0.0,0
17.01.2024 00:00:00.000,181.27000427246094,182.92999267578125,180.3000030517578,182.67999267578125,47317400,0.0,0
18.01.2024 00:00:00.000,186.08999633789062,189.13999938964844,185.8300018310547,188.6300048828125,78005800,0.0,0
19.01.2024 00:00:00.000,189.3300018310547,191.9499969482422,188.82000732421875,191.55999755859375,68741000,0.0,0
22.01.2024 00:00:00.000,192.3000030517578,195.3300018310547,192.25999450683594,193.88999938964844,60103400,0.0,0
