Open,High,Low,Close,Volume,Dividends,Stock Splits
2023-12-27 15:00:00-03:00,0.7628472447395325,0.7650078535079956,0.760261595249176,0.7650078535079956,0,0.0,0.0
2023-12-27 16:00:00-03:00,0.7650627493858337,0.7660800218582153,0.7631444334983826,0.7639733552932739,337344,0.0,0.0
2023-12-27 17:00:00-03:00,0.7640752792358398,0.7750513553619385,0.7640752792358398,0.7749472260475159,882416,0.0,0.0
2023-12-27 18:00:00-03:00,0.7760002017021179,0.7787362337112427,0.7679992318153381,0.7684280276298523,2187344,0.0,0.0
2023-12-27 19:00:00-03:00,0.7684265375137329,0.7717829942703247,0.7612964510917664,0.7612964510917664,651632,0.0,0.0
2023-12-27 20:00:00-03:00,0.7612993121147156,0.7680805325508118,0.7612993121147156,0.7666577696800232,29616,0.0,0.0
2023-12-27 21:00:00-03:00,0.7667405009269714,0.7772048711776733,0.7648733854293823,0.7725383043289185,2764368,0.0,0.0
2023-12-27 22:00:00-03:00,0.7723181247711182,0.7725235819816589,0.753422200679779,0.7534831762313843,5223616,0.0,0.0
2023-12-27 23:00:00-03:00,0.7535381317138672,0.754114031791687,0.7455077767372131,0.7464421391487122,6134976,0.0,0.0
2023-12-28 00:00:00-03:00,0.7464429140090942,0.7464429140090942,0.7413578033447266,0.7437072396278381,0,0.0,0.0
2023-12-28 01:00:00-03:00,0.7438397407531738,0.7477739453315735,0.7412221431732178,0.7416228652000427,0,0.0,0.0
2023-12-28 02:00:00-03:00,0.7415441274642944,0.7415441274642944,0.7329339981079102,0.7342400550842285,0,0.0,0.0
2023-12-28 03:00:00-03:00,0.7338624596595764,0.7338624596595764,0.727500855922699,0.7278907895088196,0,0.0,0.0
2023-12-28 04:00:00-03:00,0.7275919914245605,0.7282109260559082,0.7213749289512634,0.7280867099761963,417152,0.0,0.0
2023-12-28 05:00:00-03:00,0.7280802726745605,0.734155535697937,0.7280647158622742,0.7294739484786987,0,0.0,0.0
2023-12-28 06:00:00-03:00,0.7295246720314026,0.7349561452865601,0.729223906993866,0.734005331993103,0,0.0,0.0
2023-12-28 07:00:00-03:00,0.7341024875640869,0.7378730773925781,0.7322550415992737,0.7368339896202087,0,0.0,0.0
2023-12-28 08:00:00-03:00,0.7364570498466492,0.7379341721534729,0.7336758375167847,0.7366733551025391,0,0.0,0.0
2023-12-28 09:00:00-03:00,0.7365476489067078,0.7365476489067078,0.7245455384254456,0.7245455384254456,317352,0.0,0.0
2023-12-28 10:00:00-03:00,0.7227738499641418,0.7287591099739075,0.7193050384521484,0.7255907654762268,0,0.0,0.0
2023-12-28 11:00:00-03:00,0.7252511382102966,0.7252511382102966,0.7077001333236694,0.7092244029045105,4606504,0.0,0.0
2023-12-28 12:00:00-03:00,0.709740161895752,0.715179443359375,0.709740161895752,0.7120017409324646,717608,0.0,0.0
2023-12-28 13:00:00-03:00,0.7121032476425171,0.7133570313453674,0.7088177800178528,0.7128382325172424,0,0.0,0.0
2023-12-28 14:00:00-03:00,0.7128227949142456,0.7170421481132507,0.7113006711006165,0.7117812037467957,282144,0.0,0.0
2023-12-28 15:00:00-03:00,0.7118375301361084,0.7134633660316467,0.7101828455924988,0.7109765410423279,764208,0.0,0.0
2023-12-28 16:00:00-03:00,0.7110390067100525,0.7147077918052673,0.7109512090682983,0.7147077918052673,57712,0.0,0.0
2023-12-28 17:00:00-03:00,0.7145907282829285,0.7145907282829285,0.7073765993118286,0.71017986536026,109096,0.0,0.0
2023-12-28 18:00:00-03:00,0.7101693153381348,0.7137826085090637,0.7089266777038574,0.7097908854484558,0,0.0,0.0
2023-12-28 19:00:00-03:00,0.709866464138031,0.7226376533508301,0.709866464138031,0.7226376533508301,0,0.0,0.0
2023-12-28 20:00:00-03:00,0.7226479053497314,0.7273634076118469,0.7181993126869202,0.7247669696807861,29568,0.0,0.0
2023-12-28 21:00:00-03:00,0.7248897552490234,0.7248897552490234,0.7035465836524963,0.7035465836524963,23640,0.0,0.0
2023-12-28 22:00:00-03:00,0.7035229802131653,0.7054165005683899,0.6945890784263611,0.6948770880699158,0,0.0,0.0
2023-12-28 23:00:00-03:00,0.694911539554596,0.7026606202125549,0.6943046450614929,0.7019335627555847,0,0.0,0.0
2023-12-29 00:00:00-03:00,0.7018659114837646,0.7069870233535767,0.7007691860198975,0.7037978768348694,0,0.0,0.0
2023-12-29 01:00:00-03:00,0.7035624980926514,0.7053768634796143,0.7017068266868591,0.7026422023773193,0,0.0,0.0
2023-12-29 02:00:00-03:00,0.7026021480560303,0.70502108335495,0.7008478045463562,0.7040045261383057,0,0.0,0.0
2023-12-29 03:00:00-03:00,0.7041094303131104,0.7062256932258606,0.7028139233589172,0.7042864561080933,0,0.0,0.0
2023-12-29 04:00:00-03:00,0.7043296098709106,0.70980304479599,0.6977376341819763,0.6977376341819763,0,0.0,0.0
2023-12-29 05:00:00-03:00,0.6976798176765442,0.7085257768630981,0.6964628100395203,0.708225667476654,0,0.0,0.0
2023-12-29 06:00:00-03:00,0.7081311345100403,0.715416431427002,0.7072635889053345,0.711401104927063,0,0.0,0.0
2023-12-29 07:00:00-03:00,0.7114983201026917,0.7184463143348694,0.7112858891487122,0.7153803706169128,0,0.0,0.0
2023-12-29 08:00:00-03:00,0.7153006792068481,0.7179933786392212,0.7137400507926941,0.7175432443618774,0,0.0,0.0
2023-12-29 09:00:00-03:00,0.7174725532531738,0.7177951335906982,0.7118621468544006,0.7128415703773499,0,0.0,0.0
2023-12-29 10:00:00-03:00,0.7130102515220642,0.7208375930786133,0.7124624252319336,0.7204834818840027,0,0.0,0.0
2023-12-29 11:00:00-03:00,0.7204983830451965,0.7324451208114624,0.7202817797660828,0.7322847247123718,0,0.0,0.0
2023-12-29 12:00:00-03:00,0.7322292327880859,0.7322292327880859,0.7103597521781921,0.7115930914878845,810416,0.0,0.0
2023-12-29 13:00:00-03:00,0.7116906642913818,0.7132343649864197,0.7052700519561768,0.7052700519561768,607352,0.0,0.0
2023-12-29 14:00:00-03:00,0.7052665948867798,0.7083734273910522,0.7026187181472778,0.7047162652015686,733496,0.0,0.0
2023-12-29 15:00:00-03:00,0.7049326300621033,0.710378110408783,0.7046055793762207,0.7095305919647217,0,0.0,0.0
2023-12-29 16:00:00-03:00,0.7094143629074097,0.7099421620368958,0.7061493396759033,0.7097283601760864,0,0.0,0.0
2023-12-29 17:00:00-03:00,0.7096667885780334,0.7096667885780334,0.7053070068359375,0.7065806984901428,0,0.0,0.0
2023-12-29 18:00:00-03:00,0.7065978050231934,0.7099582552909851,0.7036038637161255,0.7038045525550842,0,0.0,0.0
2023-12-29 19:00:00-03:00,0.7044792771339417,0.7065588235855103,0.6951732635498047,0.7053844928741455,2137712,0.0,0.0
2023-12-29 20:00:00-03:00,0.7054160833358765,0.7104337215423584,0.7054160833358765,0.7103843092918396,0,0.0,0.0
2023-12-29 21:00:00-03:00,0.7104539275169373,0.7457998991012573,0.7104539275169373,0.740587592124939,26373520,0.0,0.0
2023-12-29 22:00:00-03:00,0.74039226770401,0.7471104264259338,0.737934410572052,0.7431502342224121,4599048,0.0,0.0
2023-12-29 23:00:00-03:00,0.7431367635726929,0.7431367635726929,0.73487389087677,0.73487389087677,2718320,0.0,0.0
2023-12-30 00:00:00-03:00,0.7354833483695984,0.7369203567504883,0.7261943221092224,0.7315300107002258,764360,0.0,0.0
2023-12-30 01:00:00-03:00,0.7314940690994263,0.7379106879234314,0.7311266660690308,0.7353963851928711,0,0.0,0.0
2023-12-30 02:00:00-03:00,0.7353342175483704,0.7358454465866089,0.7287693619728088,0.732387125492096,388944,0.0,0.0
2023-12-30 03:00:00-03:00,0.7323727607727051,0.7333027720451355,0.7292823195457458,0.7299080491065979,49144,0.0,0.0
2023-12-30 04:00:00-03:00,0.7299067974090576,0.7369645833969116,0.7299067974090576,0.7360585331916809,725856,0.0,0.0
2023-12-30 05:00:00-03:00,0.7360721230506897,0.7360721230506897,0.724259614944458,0.7250896692276001,918456,0.0,0.0
2023-12-30 06:00:00-03:00,0.7247676253318787,0.7267805933952332,0.7159522771835327,0.7166064977645874,2010336,0.0,0.0
2023-12-30 07:00:00-03:00,0.7165408730506897,0.7257182598114014,0.7163750529289246,0.722271203994751,1014792,0.0,0.0
2023-12-30 08:00:00-03:00,0.7222644090652466,0.7237522006034851,0.7179168462753296,0.7211789488792419,1020552,0.0,0.0
2023-12-30 09:00:00-03:00,0.7211713790893555,0.724381685256958,0.720623791217804,0.7208371162414551,0,0.0,0.0
2023-12-30 10:00:00-03:00,0.7208717465400696,0.7211596965789795,0.7172220349311829,0.7183494567871094,302624,0.0,0.0
2023-12-30 11:00:00-03:00,0.7185332775115967,0.7222617268562317,0.7185332775115967,0.7214077115058899,0,0.0,0.0
2023-12-30 12:00:00-03:00,0.7214258909225464,0.7284232378005981,0.7214258909225464,0.7283186912536621,0,0.0,0.0
2023-12-30 13:00:00-03:00,0.7283284068107605,0.7305796146392822,0.7269957065582275,0.7279952168464661,0,0.0,0.0
2023-12-30 14:00:00-03:00,0.7280823588371277,0.729620635509491,0.7261309027671814,0.7286657691001892,0,0.0,0.0
2023-12-30 15:00:00-03:00,0.7285059690475464,0.7285059690475464,0.7228091359138489,0.724426805973053,5704,0.0,0.0
2023-12-30 16:00:00-03:00,0.7244539856910706,0.7283620834350586,0.7240347862243652,0.7266513109207153,0,0.0,0.0
2023-12-30 17:00:00-03:00,0.7267351746559143,0.7272987365722656,0.7240035533905029,0.7240727543830872,0,0.0,0.0
2023-12-30 18:00:00-03:00,0.7240749597549438,0.729203462600708,0.7240749597549438,0.729203462600708,721816,0.0,0.0
2023-12-30 19:00:00-03:00,0.729111909866333,0.7305946350097656,0.7242276668548584,0.7260141968727112,0,0.0,0.0
2023-12-30 20:00:00-03:00,0.7259105443954468,0.733646035194397,0.72540283203125,0.7312116622924805,651344,0.0,0.0
2023-12-30 21:00:00-03:00,0.7311227321624756,0.7311227321624756,0.722823977470398,0.722823977470398,0,0.0,0.0
2023-12-30 22:00:00-03:00,0.7226780652999878,0.7226780652999878,0.7187596559524536,0.7191457152366638,0,0.0,0.0
2023-12-30 23:00:00-03:00,0.7193065285682678,0.7246849536895752,0.7087863683700562,0.709346354007721,0,0.0,0.0
2023-12-31 00:00:00-03:00,0.7094500660896301,0.7133671641349792,0.7094500660896301,0.7133671641349792,0,0.0,0.0
2023-12-31 01:00:00-03:00,0.7133534550666809,0.7152833342552185,0.7114368677139282,0.7118815183639526,0,0.0,0.0
2023-12-31 02:00:00-03:00,0.7117222547531128,0.7150910496711731,0.7117222547531128,0.7132135629653931,0,0.0,0.0
2023-12-31 03:00:00-03:00,0.7131605744361877,0.7156544327735901,0.7119671702384949,0.7150417566299438,0,0.0,0.0
2023-12-31 04:00:00-03:00,0.7151206731796265,0.7217655181884766,0.7151206731796265,0.7178579568862915,0,0.0,0.0
2023-12-31 05:00:00-03:00,0.7178626656532288,0.7193124294281006,0.7151581048965454,0.7169000506401062,0,0.0,0.0
2023-12-31 06:00:00-03:00,0.7170277237892151,0.720838725566864,0.7170277237892151,0.7203787565231323,0,0.0,0.0
2023-12-31 07:00:00-03:00,0.7202396988868713,0.7317522168159485,0.7202396988868713,0.7235527634620667,11901868,0.0,0.0
2023-12-31 08:00:00-03:00,0.7235456109046936,0.7253947854042053,0.723030686378479,0.7253947854042053,0,0.0,0.0
2023-12-31 09:00:00-03:00,0.725356936454773,0.7265453338623047,0.7188195586204529,0.7189386487007141,349128,0.0,0.0
2023-12-31 10:00:00-03:00,0.71979159116745,0.7216262221336365,0.7186777591705322,0.7208419442176819,0,0.0,0.0
2023-12-31 11:00:00-03:00,0.7211620807647705,0.7211620807647705,0.7189942598342896,0.7201862931251526,0,0.0,0.0
2023-12-31 12:00:00-03:00,0.7201237082481384,0.722649335861206,0.7180551886558533,0.7189546227455139,0,0.0,0.0
2023-12-31 13:00:00-03:00,0.7190583348274231,0.724489688873291,0.7190583348274231,0.7229438424110413,0,0.0,0.0
2023-12-31 14:00:00-03:00,0.7228706479072571,0.7233850955963135,0.7169419527053833,0.7198873162269592,31372,0.0,0.0
2023-12-31 15:00:00-03:00,0.7199113965034485,0.7209416627883911,0.7169393301010132,0.7169866561889648,0,0.0,0.0
2023-12-31 16:00:00-03:00,0.7169479727745056,0.7199649810791016,0.7158119678497314,0.7182900905609131,0,0.0,0.0
2023-12-31 17:00:00-03:00,0.7182708978652954,0.7192379236221313,0.7106479406356812,0.7106479406356812,0,0.0,0.0
2023-12-31 18:00:00-03:00,0.7106208801269531,0.7207870483398438,0.7104349136352539,0.7187786102294922,0,0.0,0.0
2023-12-31 19:00:00-03:00,0.7188698649406433,0.7188698649406433,0.6916099190711975,0.6935626864433289,4180320,0.0,0.0
2023-12-31 20:00:00-03:00,0.6934724450111389,0.701097309589386,0.6919020414352417,0.7000492215156555,1801772,0.0,0.0
2023-12-31 21:00:00-03:00,0.7003202438354492,0.7014040946960449,0.6958276629447937,0.6976351141929626,0,0.0,0.0
2023-12-31 22:00:00-03:00,0.6976327896118164,0.6995141506195068,0.6964361667633057,0.6995141506195068,0,0.0,0.0
2023-12-31 23:00:00-03:00,0.6994962096214294,0.7005366086959839,0.6973787546157837,0.6976814866065979,0,0.0,0.0
2024-01-01 00:00:00-03:00,0.6976827383041382,0.6986749768257141,0.6895684003829956,0.690426766872406,853396,0.0,0.0
2024-01-01 01:00:00-03:00,0.6904579401016235,0.6908918023109436,0.6818127036094666,0.684070885181427,2410924,0.0,0.0
2024-01-01 02:00:00-03:00,0.684137225151062,0.6870722770690918,0.6810005903244019,0.6810087561607361,668000,0.0,0.0
2024-01-01 03:00:00-03:00,0.6810922026634216,0.6885444521903992,0.6810922026634216,0.6885444521903992,376176,0.0,0.0
2024-01-01 04:00:00-03:00,0.6885566115379333,0.6890813112258911,0.6849663257598877,0.6854862570762634,316044,0.0,0.0
2024-01-01 05:00:00-03:00,0.6856657862663269,0.6920819282531738,0.6856657862663269,0.6920819282531738,52556,0.0,0.0
2024-01-01 06:00:00-03:00,0.6919862031936646,0.6921359896659851,0.6896399259567261,0.6921061873435974,0,0.0,0.0
2024-01-01 07:00:00-03:00,0.6921803951263428,0.6945282220840454,0.6921803951263428,0.694299578666687,0,0.0,0.0
2024-01-01 08:00:00-03:00,0.6943331360816956,0.6964808702468872,0.6928057670593262,0.6944056749343872,0,0.0,0.0
2024-01-01 09:00:00-03:00,0.6944206357002258,0.6985318660736084,0.693679690361023,0.6979357600212097,0,0.0,0.0
2024-01-01 10:00:00-03:00,0.6979746222496033,0.7001867294311523,0.6962108016014099,0.6987746953964233,0,0.0,0.0
2024-01-01 11:00:00-03:00,0.6987839341163635,0.6987839341163635,0.6949474215507507,0.6962661743164062,146752,0.0,0.0
2024-01-01 12:00:00-03:00,0.6964537501335144,0.7071161866188049,0.6964537501335144,0.7071161866188049,653296,0.0,0.0
2024-01-01 13:00:00-03:00,0.7072347402572632,0.713945209980011,0.7072347402572632,0.7091106176376343,1950192,0.0,0.0
2024-01-01 14:00:00-03:00,0.7092158198356628,0.7101527452468872,0.7055531740188599,0.7083637714385986,0,0.0,0.0
2024-01-01 15:00:00-03:00,0.7084008455276489,0.713082492351532,0.7082939743995667,0.7115941643714905,884216,0.0,0.0
2024-01-01 16:00:00-03:00,0.7116158604621887,0.7179896831512451,0.7116158604621887,0.7175214886665344,297736,0.0,0.0
2024-01-01 17:00:00-03:00,0.7176806926727295,0.7200604677200317,0.7164532542228699,0.717168390750885,281008,0.0,0.0
2024-01-01 18:00:00-03:00,0.7173165082931519,0.7173165082931519,0.7139920592308044,0.7171592712402344,0,0.0,0.0
2024-01-01 19:00:00-03:00,0.7172781229019165,0.7175798416137695,0.7140472531318665,0.7158359885215759,0,0.0,0.0
2024-01-01 20:00:00-03:00,0.7159227728843689,0.7199550271034241,0.7153723835945129,0.7195780277252197,0,0.0,0.0
2024-01-01 21:00:00-03:00,0.7194925546646118,0.7194925546646118,0.7135200500488281,0.719018816947937,392632,0.0,0.0
2024-01-01 22:00:00-03:00,0.7190963625907898,0.7247350215911865,0.7189284563064575,0.7221498489379883,1016380,0.0,0.0
2024-01-01 23:00:00-03:00,0.7221478819847107,0.7233384251594543,0.7182590365409851,0.7184169888496399,87828,0.0,0.0
2024-01-02 00:00:00-03:00,0.7188249230384827,0.719740629196167,0.7165191769599915,0.7192926406860352,0,0.0,0.0
2024-01-02 01:00:00-03:00,0.7192560434341431,0.7219755053520203,0.716334879398346,0.7210887670516968,0,0.0,0.0
2024-01-02 02:00:00-03:00,0.7211111187934875,0.7218305468559265,0.7182509303092957,0.7205190658569336,141204,0.0,0.0
2024-01-02 03:00:00-03:00,0.7203913927078247,0.7237665057182312,0.7199561595916748,0.7217116951942444,589764,0.0,0.0
2024-01-02 04:00:00-03:00,0.7216314077377319,0.7241947650909424,0.7211029529571533,0.7240303158760071,0,0.0,0.0
2024-01-02 05:00:00-03:00,0.7239806056022644,0.7289240956306458,0.7229423522949219,0.7259293794631958,938088,0.0,0.0
2024-01-02 06:00:00-03:00,0.7259855270385742,0.7268168926239014,0.7234607338905334,0.7260499596595764,989068,0.0,0.0
2024-01-02 07:00:00-03:00,0.7260581254959106,0.7261650562286377,0.7217305302619934,0.7240790128707886,1569900,0.0,0.0
2024-01-02 08:00:00-03:00,0.7244109511375427,0.7318384647369385,0.7242415547370911,0.7279142737388611,3573800,0.0,0.0
2024-01-02 09:00:00-03:00,0.7278839945793152,0.7315142154693604,0.7234923839569092,0.7234923839569092,1967500,0.0,0.0
2024-01-02 10:00:00-03:00,0.7234545946121216,0.7260111570358276,0.7227569222450256,0.7230388522148132,460032,0.0,0.0
2024-01-02 11:00:00-03:00,0.7229734063148499,0.7229734063148499,0.7084184885025024,0.7085024118423462,3715644,0.0,0.0
2024-01-02 12:00:00-03:00,0.7083620429039001,0.7116051316261292,0.7040205597877502,0.7098382115364075,533660,0.0,0.0
2024-01-02 13:00:00-03:00,0.7099581360816956,0.7153076529502869,0.7068693041801453,0.7153076529502869,0,0.0,0.0
2024-01-02 14:00:00-03:00,0.7153453826904297,0.7167753577232361,0.7094272375106812,0.7120029330253601,765640,0.0,0.0
2024-01-02 15:00:00-03:00,0.7120752930641174,0.713537335395813,0.7116211652755737,0.7128445506095886,0,0.0,0.0
2024-01-02 16:00:00-03:00,0.7129629850387573,0.7146152257919312,0.7100721597671509,0.7106292247772217,0,0.0,0.0
2024-01-02 17:00:00-03:00,0.7105564475059509,0.7230306267738342,0.7093858122825623,0.7134736776351929,838048,0.0,0.0
2024-01-02 18:00:00-03:00,0.7133570313453674,0.716535210609436,0.7115927338600159,0.7160691022872925,0,0.0,0.0
2024-01-02 19:00:00-03:00,0.7161432504653931,0.7222506999969482,0.7159493565559387,0.7218024730682373,894884,0.0,0.0
2024-01-02 20:00:00-03:00,0.7218068242073059,0.722811222076416,0.7184510827064514,0.7193892002105713,629804,0.0,0.0
2024-01-02 21:00:00-03:00,0.7194337248802185,0.7249230742454529,0.7188715934753418,0.7227409482002258,0,0.0,0.0
2024-01-02 22:00:00-03:00,0.7227683067321777,0.723151445388794,0.7190590500831604,0.7210824489593506,0,0.0,0.0
2024-01-02 23:00:00-03:00,0.7209947109222412,0.7229359745979309,0.7174479961395264,0.7186740040779114,0,0.0,0.0
2024-01-03 00:00:00-03:00,0.7188950181007385,0.7194225788116455,0.715269148349762,0.7174598574638367,0,0.0,0.0
2024-01-03 01:00:00-03:00,0.7174407839775085,0.7229155898094177,0.7171900272369385,0.7229155898094177,0,0.0,0.0
2024-01-03 02:00:00-03:00,0.7229381203651428,0.7230203151702881,0.7205290794372559,0.7205290794372559,0,0.0,0.0
2024-01-03 03:00:00-03:00,0.7204961776733398,0.722394585609436,0.7199677228927612,0.7222127318382263,0,0.0,0.0
2024-01-03 04:00:00-03:00,0.7223516702651978,0.722826361656189,0.7169651389122009,0.7172132134437561,0,0.0,0.0
2024-01-03 05:00:00-03:00,0.7173526883125305,0.7219802141189575,0.7173526883125305,0.7213565707206726,0,0.0,0.0
2024-01-03 06:00:00-03:00,0.7214593291282654,0.7254424095153809,0.7214593291282654,0.7250450849533081,0,0.0,0.0
2024-01-03 07:00:00-03:00,0.7250275611877441,0.730813205242157,0.7232542037963867,0.7252488732337952,0,0.0,0.0
2024-01-03 08:00:00-03:00,0.7252712845802307,0.7264175415039062,0.6938643455505371,0.6943742632865906,6675932,0.0,0.0
2024-01-03 09:00:00-03:00,0.6945122480392456,0.6951707601547241,0.5758751034736633,0.6066529750823975,37288656,0.0,0.0
2024-01-03 10:00:00-03:00,0.6072676777839661,0.6148272752761841,0.6036087870597839,0.6036524176597595,18757224,0.0,0.0
2024-01-03 11:00:00-03:00,0.6037389636039734,0.6056119203567505,0.5984504222869873,0.6022130846977234,5799648,0.0,0.0
2024-01-03 12:00:00-03:00,0.6021904945373535,0.6187300682067871,0.6019338369369507,0.6187300682067871,6290872,0.0,0.0
2024-01-03 13:00:00-03:00,0.6187578439712524,0.6251734495162964,0.6170151233673096,0.6198717355728149,5412824,0.0,0.0
2024-01-03 14:00:00-03:00,0.6195874214172363,0.6197305917739868,0.6140121221542358,0.6148752570152283,1133960,0.0,0.0
2024-01-03 15:00:00-03:00,0.6151332259178162,0.6176915168762207,0.6096320152282715,0.6096320152282715,1303600,0.0,0.0
2024-01-03 16:00:00-03:00,0.6096943020820618,0.6195967793464661,0.6096943020820618,0.6164844036102295,491448,0.0,0.0
2024-01-03 17:00:00-03:00,0.6165788173675537,0.628949761390686,0.6165564656257629,0.6282001733779907,0,0.0,0.0
2024-01-03 18:00:00-03:00,0.628214418888092,0.6291325688362122,0.62469881772995,0.6275646090507507,853264,0.0,0.0
2024-01-03 19:00:00-03:00,0.627362847328186,0.6287581920623779,0.6224462985992432,0.6273303627967834,845296,0.0,0.0
2024-01-03 20:00:00-03:00,0.6281918883323669,0.6377288103103638,0.6281918883323669,0.6364920139312744,3587728,0.0,0.0
2024-01-03 21:00:00-03:00,0.6369736790657043,0.639204740524292,0.6320062279701233,0.6321723461151123,839984,0.0,0.0
2024-01-03 22:00:00-03:00,0.6321728825569153,0.6321728825569153,0.6184775233268738,0.6186474561691284,4003616,0.0,0.0
2024-01-03 23:00:00-03:00,0.6186994314193726,0.6276630759239197,0.6186994314193726,0.627545952796936,66240,0.0,0.0
2024-01-04 00:00:00-03:00,0.6274768114089966,0.6285261511802673,0.6253519654273987,0.6273359656333923,208224,0.0,0.0
2024-01-04 01:00:00-03:00,0.6271703243255615,0.6356573104858398,0.6271703243255615,0.6353278756141663,0,0.0,0.0
2024-01-04 02:00:00-03:00,0.6350855827331543,0.6350855827331543,0.6308611631393433,0.6327227354049683,135808,0.0,0.0
2024-01-04 03:00:00-03:00,0.632752001285553,0.6361842155456543,0.632752001285553,0.633329451084137,272992,0.0,0.0
2024-01-04 04:00:00-03:00,0.6336008310317993,0.635524332523346,0.6246452331542969,0.6247448921203613,4263616,0.0,0.0
2024-01-04 05:00:00-03:00,0.6244075298309326,0.6252467036247253,0.6195235848426819,0.6221996545791626,1507200,0.0,0.0
2024-01-04 06:00:00-03:00,0.6221460103988647,0.6263521909713745,0.6221458315849304,0.6263521909713745,0,0.0,0.0
2024-01-04 07:00:00-03:00,0.6260309815406799,0.6260309815406799,0.6184297800064087,0.622901201248169,0,0.0,0.0
2024-01-04 08:00:00-03:00,0.6229381561279297,0.6240246295928955,0.6204623579978943,0.6218104958534241,0,0.0,0.0
2024-01-04 09:00:00-03:00,0.6217644810676575,0.6282630562782288,0.6215830445289612,0.627660870552063,0,0.0,0.0
2024-01-04 10:00:00-03:00,0.6274624466896057,0.6290224194526672,0.6237854957580566,0.6286634802818298,0,0.0,0.0
2024-01-04 11:00:00-03:00,0.6284840703010559,0.6354531645774841,0.6252354979515076,0.6354531645774841,0,0.0,0.0
2024-01-04 12:00:00-03:00,0.6357853412628174,0.6397671699523926,0.6350246071815491,0.6376954913139343,0,0.0,0.0
2024-01-04 13:00:00-03:00,0.6375567317008972,0.6380013227462769,0.631718099117279,0.6379526257514954,0,0.0,0.0
2024-01-04 14:00:00-03:00,0.6379576921463013,0.6406474113464355,0.636440634727478,0.6384264230728149,0,0.0,0.0
2024-01-04 15:00:00-03:00,0.6384730935096741,0.6464036107063293,0.6384730935096741,0.6462647914886475,0,0.0,0.0
2024-01-04 16:00:00-03:00,0.6462039947509766,0.6496632099151611,0.6454086899757385,0.6466847658157349,84788,0.0,0.0
2024-01-04 17:00:00-03:00,0.6467853784561157,0.6565387845039368,0.6467853784561157,0.6535718441009521,407620,0.0,0.0
2024-01-04 18:00:00-03:00,0.6536106467247009,0.6553239226341248,0.6453768610954285,0.6481407880783081,0,0.0,0.0
2024-01-04 19:00:00-03:00,0.6481004357337952,0.6530759930610657,0.6465216875076294,0.647024393081665,0,0.0,0.0
2024-01-04 20:00:00-03:00,0.6470426917076111,0.6496362686157227,0.6463221907615662,0.6476344466209412,0,0.0,0.0
2024-01-04 21:00:00-03:00,0.6476701498031616,0.6798374056816101,0.6476701498031616,0.6746143698692322,18446740,0.0,0.0
2024-01-04 22:00:00-03:00,0.6744056940078735,0.6744056940078735,0.648105800151825,0.6604167819023132,5004072,0.0,0.0
2024-01-04 23:00:00-03:00,0.6596349477767944,0.6645382642745972,0.652023196220398,0.6571674942970276,3879592,0.0,0.0
2024-01-05 00:00:00-03:00,0.6574317812919617,0.6717042326927185,0.6574317812919617,0.6680698394775391,6173936,0.0,0.0
2024-01-05 01:00:00-03:00,0.6680160164833069,0.6680160164833069,0.6557034850120544,0.6604262590408325,2392968,0.0,0.0
2024-01-05 02:00:00-03:00,0.6609477400779724,0.6638423204421997,0.6560841798782349,0.6563475131988525,0,0.0,0.0
2024-01-05 03:00:00-03:00,0.656462550163269,0.6605643630027771,0.6523813009262085,0.6596047282218933,1481912,0.0,0.0
2024-01-05 04:00:00-03:00,0.6595658659934998,0.6682599782943726,0.6587938666343689,0.6592004895210266,3859272,0.0,0.0
2024-01-05 05:00:00-03:00,0.659261167049408,0.6594275832176208,0.65581876039505,0.656013011932373,0,0.0,0.0
2024-01-05 06:00:00-03:00,0.6559339761734009,0.6602643132209778,0.6549575328826904,0.6567203998565674,1351152,0.0,0.0
2024-01-05 07:00:00-03:00,0.656700611114502,0.656700611114502,0.6426281332969666,0.6426281332969666,1744312,0.0,0.0
2024-01-05 08:00:00-03:00,0.6406379342079163,0.6413642764091492,0.6311019062995911,0.6316645741462708,2752104,0.0,0.0
2024-01-05 09:00:00-03:00,0.6316829323768616,0.6326857805252075,0.6252204179763794,0.6314622163772583,1626416,0.0,0.0
2024-01-05 10:00:00-03:00,0.6313578486442566,0.632771372795105,0.6286765336990356,0.6312150359153748,573800,0.0,0.0
2024-01-05 11:00:00-03:00,0.6310340762138367,0.6335645318031311,0.6189543604850769,0.6189543604850769,1736304,0.0,0.0
2024-01-05 12:00:00-03:00,0.6185420155525208,0.6205236911773682,0.6127283573150635,0.6150611042976379,0,0.0,0.0
2024-01-05 13:00:00-03:00,0.6163896322250366,0.6197945475578308,0.6135736107826233,0.6135736107826233,0,0.0,0.0
2024-01-05 14:00:00-03:00,0.6126652359962463,0.6155194640159607,0.6081719398498535,0.6155194640159607,1897944,0.0,0.0
2024-01-05 15:00:00-03:00,0.6155639886856079,0.6204233169555664,0.6152609586715698,0.6191273331642151,0,0.0,0.0
2024-01-05 16:00:00-03:00,0.6189278364181519,0.6213180422782898,0.6172812581062317,0.6185046434402466,0,0.0,0.0
2024-01-05 17:00:00-03:00,0.6184958219528198,0.6200152635574341,0.6171857118606567,0.6200152635574341,0,0.0,0.0
2024-01-05 18:00:00-03:00,0.6200730204582214,0.6220279335975647,0.6167709827423096,0.6220279335975647,0,0.0,0.0
2024-01-05 19:00:00-03:00,0.6220670938491821,0.627478301525116,0.6220670938491821,0.6263424158096313,92472,0.0,0.0
2024-01-05 20:00:00-03:00,0.6264572143554688,0.6368284225463867,0.6264572143554688,0.6358928680419922,830512,0.0,0.0
2024-01-05 21:00:00-03:00,0.6365206241607666,0.6379622220993042,0.6244885921478271,0.6280760765075684,0,0.0,0.0
2024-01-05 22:00:00-03:00,0.6280320286750793,0.6280320286750793,0.6192002296447754,0.61988365650177,0,0.0,0.0
2024-01-05 23:00:00-03:00,0.6199488639831543,0.6217764019966125,0.6178675889968872,0.620893657207489,0,0.0,0.0
2024-01-06 00:00:00-03:00,0.6209311485290527,0.6218876242637634,0.6191871166229248,0.6200061440467834,0,0.0,0.0
2024-01-06 01:00:00-03:00,0.6200138926506042,0.6202908158302307,0.6155624985694885,0.615660548210144,0,0.0,0.0
2024-01-06 02:00:00-03:00,0.615641713142395,0.6162350177764893,0.6044420003890991,0.6055929064750671,505360,0.0,0.0
2024-01-06 03:00:00-03:00,0.6058239936828613,0.6058894395828247,0.5925536155700684,0.5930516123771667,571312,0.0,0.0
2024-01-06 04:00:00-03:00,0.5930936932563782,0.6021749377250671,0.5930936932563782,0.6021749377250671,0,0.0,0.0
2024-01-06 05:00:00-03:00,0.6022122502326965,0.6053513884544373,0.6009675860404968,0.6051696538925171,0,0.0,0.0
2024-01-06 06:00:00-03:00,0.605063259601593,0.6092634201049805,0.6045933365821838,0.6075690984725952,0,0.0,0.0
2024-01-06 07:00:00-03:00,0.6074685454368591,0.6109898686408997,0.6071881055831909,0.60954350233078,0,0.0,0.0
2024-01-06 08:00:00-03:00,0.6096087098121643,0.6123325228691101,0.6080808639526367,0.6123161315917969,0,0.0,0.0
2024-01-06 09:00:00-03:00,0.6123371124267578,0.6161826848983765,0.6113795042037964,0.6134831309318542,0,0.0,0.0
2024-01-06 10:00:00-03:00,0.6133959293365479,0.614593505859375,0.6124902963638306,0.6137336492538452,0,0.0,0.0
2024-01-06 11:00:00-03:00,0.6137290000915527,0.6223343014717102,0.6137290000915527,0.6211386322975159,0,0.0,0.0
2024-01-06 12:00:00-03:00,0.6212000250816345,0.6323233842849731,0.6202244758605957,0.6323233842849731,0,0.0,0.0
2024-01-06 13:00:00-03:00,0.6323196291923523,0.6565763354301453,0.631126880645752,0.6405282020568848,9321308,0.0,0.0
2024-01-06 14:00:00-03:00,0.6402406692504883,0.6402406692504883,0.6321851015090942,0.6321851015090942,0,0.0,0.0
2024-01-06 15:00:00-03:00,0.6321441531181335,0.6356507539749146,0.6280060410499573,0.6326156258583069,726440,0.0,0.0
2024-01-06 16:00:00-03:00,0.6324697136878967,0.6324697136878967,0.6228651404380798,0.624123752117157,826124,0.0,0.0
2024-01-06 17:00:00-03:00,0.6240615844726562,0.6286351680755615,0.6238630414009094,0.6270086765289307,0,0.0,0.0
2024-01-06 18:00:00-03:00,0.6269317865371704,0.6287040710449219,0.623703122138977,0.6275604963302612,34400,0.0,0.0
2024-01-06 19:00:00-03:00,0.6276466250419617,0.6284167766571045,0.6223477125167847,0.6232327222824097,0,0.0,0.0
2024-01-06 20:00:00-03:00,0.623454213142395,0.6297510862350464,0.6198797225952148,0.6297510862350464,0,0.0,0.0
2024-01-06 21:00:00-03:00,0.6297694444656372,0.6325589418411255,0.6242638230323792,0.6305388808250427,0,0.0,0.0
2024-01-06 22:00:00-03:00,0.6305232048034668,0.6319887042045593,0.6250849366188049,0.6250849366188049,0,0.0,0.0
2024-01-06 23:00:00-03:00,0.6248864531517029,0.6260829567909241,0.6201109886169434,0.6220031380653381,0,0.0,0.0
2024-01-07 00:00:00-03:00,0.622055172920227,0.6243247985839844,0.6196831464767456,0.621535062789917,171800,0.0,0.0
2024-01-07 01:00:00-03:00,0.621456503868103,0.6280388832092285,0.6209490299224854,0.6275573968887329,0,0.0,0.0
2024-01-07 02:00:00-03:00,0.6275342106819153,0.6275342106819153,0.623869776725769,0.6264094710350037,0,0.0,0.0
2024-01-07 03:00:00-03:00,0.6262828707695007,0.6285678148269653,0.6253114342689514,0.6267846822738647,0,0.0,0.0
2024-01-07 04:00:00-03:00,0.6267654299736023,0.6308388710021973,0.6251616477966309,0.6308388710021973,0,0.0,0.0
2024-01-07 05:00:00-03:00,0.6308241486549377,0.6381040811538696,0.6269113421440125,0.6275812983512878,3033964,0.0,0.0
2024-01-07 06:00:00-03:00,0.6260246634483337,0.6273629069328308,0.6158995628356934,0.6158995628356934,1806204,0.0,0.0
2024-01-07 07:00:00-03:00,0.6157033443450928,0.619461715221405,0.6154899001121521,0.619461715221405,289912,0.0,0.0
2024-01-07 08:00:00-03:00,0.6194883584976196,0.6202566623687744,0.6161124110221863,0.6161124110221863,264144,0.0,0.0
2024-01-07 09:00:00-03:00,0.6160674095153809,0.6160674095153809,0.6127260327339172,0.6138655543327332,376116,0.0,0.0
2024-01-07 10:00:00-03:00,0.6141353845596313,0.6198112964630127,0.6140949130058289,0.6170229911804199,135056,0.0,0.0
2024-01-07 11:00:00-03:00,0.617315948009491,0.6189872622489929,0.6114000082015991,0.6135285496711731,0,0.0,0.0
2024-01-07 12:00:00-03:00,0.6134134531021118,0.6142788529396057,0.6077979207038879,0.6092430949211121,0,0.0,0.0
2024-01-07 13:00:00-03:00,0.6092415452003479,0.6098100543022156,0.6006366610527039,0.6013725996017456,0,0.0,0.0
2024-01-07 14:00:00-03:00,0.6010757088661194,0.6061028242111206,0.5992109775543213,0.6050398945808411,0,0.0,0.0
2024-01-07 15:00:00-03:00,0.6051263809204102,0.6066636443138123,0.6043851971626282,0.6062113642692566,0,0.0,0.0
2024-01-07 16:00:00-03:00,0.606214165687561,0.6084498763084412,0.6048609614372253,0.6075811982154846,0,0.0,0.0
2024-01-07 17:00:00-03:00,0.607494056224823,0.6077890992164612,0.6058246493339539,0.6059743762016296,0,0.0,0.0
2024-01-07 18:00:00-03:00,0.6059251427650452,0.6063961982727051,0.6021122932434082,0.6022181510925293,0,0.0,0.0
2024-01-07 19:00:00-03:00,0.6022446155548096,0.602275013923645,0.5854377150535583,0.5864149332046509,1519378,0.0,0.0
2024-01-07 20:00:00-03:00,0.5861889123916626,0.5896715521812439,0.5795100927352905,0.5826672911643982,763384,0.0,0.0
2024-01-07 21:00:00-03:00,0.5824698209762573,0.5869372487068176,0.5725629925727844,0.5725629925727844,1166980,0.0,0.0
2024-01-07 22:00:00-03:00,0.5706995129585266,0.5706995129585266,0.5568389892578125,0.558719277381897,2885996,0.0,0.0
2024-01-07 23:00:00-03:00,0.5587612390518188,0.5600541830062866,0.5296406745910645,0.5319734811782837,2894796,0.0,0.0
2024-01-08 00:00:00-03:00,0.5320011973381042,0.5342130064964294,0.5222228169441223,0.5337803959846497,1892096,0.0,0.0
2024-01-08 01:00:00-03:00,0.5336530208587646,0.5417801737785339,0.5319558382034302,0.5414212346076965,538332,0.0,0.0
2024-01-08 02:00:00-03:00,0.541663408279419,0.548509955406189,0.5408810973167419,0.547897458076477,866284,0.0,0.0
2024-01-08 03:00:00-03:00,0.54793381690979,0.5563852190971375,0.5469999313354492,0.5512338280677795,784096,0.0,0.0
2024-01-08 04:00:00-03:00,0.5513218641281128,0.5557665228843689,0.5488240718841553,0.5502194762229919,128784,0.0,0.0
2024-01-08 05:00:00-03:00,0.5503034591674805,0.5520573854446411,0.5489440560340881,0.5495671033859253,0,0.0,0.0
2024-01-08 06:00:00-03:00,0.5493818521499634,0.551031231880188,0.5471886396408081,0.547378420829773,0,0.0,0.0
2024-01-08 07:00:00-03:00,0.5472199320793152,0.5533482432365417,0.5464217066764832,0.5530815124511719,0,0.0,0.0
2024-01-08 08:00:00-03:00,0.5531099438667297,0.559511661529541,0.5530824661254883,0.559511661529541,0,0.0,0.0
2024-01-08 09:00:00-03:00,0.5595573782920837,0.5711334943771362,0.5595573782920837,0.570290744304657,2052516,0.0,0.0
2024-01-08 10:00:00-03:00,0.5704413652420044,0.5738226175308228,0.5681663751602173,0.5687742829322815,388364,0.0,0.0
2024-01-08 11:00:00-03:00,0.5687646269798279,0.5757452249526978,0.5687486529350281,0.5723738670349121,73228,0.0,0.0
2024-01-08 12:00:00-03:00,0.5724906921386719,0.5814221501350403,0.57193922996521,0.5814221501350403,659424,0.0,0.0
2024-01-08 13:00:00-03:00,0.5816516876220703,0.5858363509178162,0.5816516876220703,0.5835018754005432,0,0.0,0.0
2024-01-08 14:00:00-03:00,0.5834968090057373,0.5883051156997681,0.5798448920249939,0.5883051156997681,459636,0.0,0.0
2024-01-08 15:00:00-03:00,0.5883744359016418,0.6012078523635864,0.5883744359016418,0.6012036204338074,1646968,0.0,0.0
2024-01-08 16:00:00-03:00,0.6011151671409607,0.614668607711792,0.5985047817230225,0.6141650080680847,2057596,0.0,0.0
2024-01-08 17:00:00-03:00,0.6143887639045715,0.6157104969024658,0.6045156717300415,0.6045156717300415,1167784,0.0,0.0
2024-01-08 18:00:00-03:00,0.6044746041297913,0.60781329870224,0.6041115522384644,0.6053838729858398,875836,0.0,0.0
2024-01-08 19:00:00-03:00,0.6051974892616272,0.6090155839920044,0.6031965613365173,0.6090155839920044,0,0.0,0.0
2024-01-08 20:00:00-03:00,0.6090133190155029,0.6132382750511169,0.6090133190155029,0.6105213165283203,0,0.0,0.0
2024-01-08 21:00:00-03:00,0.6111869215965271,0.616004228591919,0.5937557816505432,0.6020535826683044,1160556,0.0,0.0
2024-01-08 22:00:00-03:00,0.6019303798675537,0.6019303798675537,0.594291090965271,0.5955843329429626,0,0.0,0.0
2024-01-08 23:00:00-03:00,0.5955373644828796,0.5987834334373474,0.5941991806030273,0.5974082946777344,0,0.0,0.0
2024-01-09 00:00:00-03:00,0.5973970293998718,0.5981479287147522,0.5952865481376648,0.596551775932312,0,0.0,0.0
2024-01-09 01:00:00-03:00,0.5965568423271179,0.6062921285629272,0.5965568423271179,0.6062921285629272,0,0.0,0.0
2024-01-09 02:00:00-03:00,0.6066661477088928,0.6095590591430664,0.6012423038482666,0.6042116284370422,0,0.0,0.0
2024-01-09 03:00:00-03:00,0.6042515635490417,0.6052734851837158,0.5992401838302612,0.601630449295044,0,0.0,0.0
2024-01-09 04:00:00-03:00,0.601503849029541,0.6020094156265259,0.5978860855102539,0.5978860855102539,0,0.0,0.0
2024-01-09 05:00:00-03:00,0.5977855920791626,0.6005666255950928,0.5924142599105835,0.5924142599105835,77592,0.0,0.0
2024-01-09 06:00:00-03:00,0.5917678475379944,0.5923609733581543,0.5817000865936279,0.5817000865936279,626428,0.0,0.0
2024-01-09 07:00:00-03:00,0.5816041231155396,0.5869780778884888,0.581376314163208,0.583122730255127,135896,0.0,0.0
2024-01-09 08:00:00-03:00,0.583122730255127,0.588031530380249,0.5828251838684082,0.5849147439002991,286132,0.0,0.0
2024-01-09 09:00:00-03:00,0.5851234197616577,0.5872159600257874,0.5663408637046814,0.5663408637046814,0,0.0,0.0
2024-01-09 10:00:00-03:00,0.5663835406303406,0.5748679041862488,0.5653620958328247,0.572698175907135,1604784,0.0,0.0
2024-01-09 11:00:00-03:00,0.5728354454040527,0.5739091038703918,0.5607278347015381,0.5607278347015381,0,0.0,0.0
2024-01-09 12:00:00-03:00,0.5606228709220886,0.5639855861663818,0.558002769947052,0.562832236289978,0,0.0,0.0
2024-01-09 13:00:00-03:00,0.5623030066490173,0.5654415488243103,0.5591465830802917,0.5654415488243103,0,0.0,0.0
2024-01-09 14:00:00-03:00,0.5651729106903076,0.5651729106903076,0.5592244863510132,0.5592244863510132,0,0.0,0.0
2024-01-09 15:00:00-03:00,0.5588744878768921,0.562413215637207,0.5584768056869507,0.5623456835746765,0,0.0,0.0
2024-01-09 16:00:00-03:00,0.562337338924408,0.5623483657836914,0.5513905882835388,0.5546709895133972,0,0.0,0.0
2024-01-09 17:00:00-03:00,0.5545908212661743,0.5557152032852173,0.5471974611282349,0.5471998453140259,0,0.0,0.0
2024-01-09 18:00:00-03:00,0.5471436381340027,0.5640473961830139,0.5471436381340027,0.5531646609306335,3799532,0.0,0.0
2024-01-09 19:00:00-03:00,0.5531895756721497,0.5676372051239014,0.5531895756721497,0.5629398226737976,90408,0.0,0.0
2024-01-09 20:00:00-03:00,0.5630378127098083,0.5657827258110046,0.5601084232330322,0.5657827258110046,0,0.0,0.0
2024-01-09 21:00:00-03:00,0.5658687353134155,0.5695134997367859,0.5644499659538269,0.5677007436752319,0,0.0,0.0
2024-01-09 22:00:00-03:00,0.5672830939292908,0.5686402916908264,0.564418613910675,0.5686402916908264,0,0.0,0.0
2024-01-09 23:00:00-03:00,0.5687512159347534,0.571655809879303,0.5636765956878662,0.5636765956878662,0,0.0,0.0
2024-01-10 00:00:00-03:00,0.5635059475898743,0.5690737962722778,0.5629428029060364,0.5666362643241882,0,0.0,0.0
2024-01-10 01:00:00-03:00,0.5667065978050232,0.5709007978439331,0.5667065978050232,0.568843424320221,0,0.0,0.0
2024-01-10 02:00:00-03:00,0.5688797235488892,0.5700580477714539,0.5652774572372437,0.5697488784790039,0,0.0,0.0
2024-01-10 03:00:00-03:00,0.5699203610420227,0.571040153503418,0.5678781270980835,0.5678781270980835,0,0.0,0.0
2024-01-10 04:00:00-03:00,0.5678781270980835,0.5681017637252808,0.5622888207435608,0.563091516494751,120708,0.0,0.0
2024-01-10 05:00:00-03:00,0.5630187392234802,0.5633208155632019,0.5541731715202332,0.5592201948165894,0,0.0,0.0
2024-01-10 06:00:00-03:00,0.5592553019523621,0.5713786482810974,0.5577120184898376,0.5704801082611084,0,0.0,0.0
2024-01-10 07:00:00-03:00,0.5704924464225769,0.5715625286102295,0.5686017870903015,0.5700440406799316,0,0.0,0.0
2024-01-10 08:00:00-03:00,0.5697115659713745,0.5728950500488281,0.5686437487602234,0.570734441280365,173318,0.0,0.0
2024-01-10 09:00:00-03:00,0.570734441280365,0.570734441280365,0.5470379590988159,0.5477547645568848,3012,0.0,0.0
2024-01-10 10:00:00-03:00,0.5487874746322632,0.5679305791854858,0.5481240153312683,0.5679305791854858,280494,0.0,0.0
2024-01-10 11:00:00-03:00,0.5653033256530762,0.5684155821800232,0.5562310218811035,0.5562310218811035,5599530,0.0,0.0
2024-01-10 12:00:00-03:00,0.5561631917953491,0.5672804117202759,0.5552523732185364,0.5672804117202759,833680,0.0,0.0
2024-01-10 13:00:00-03:00,0.5692496299743652,0.5753295421600342,0.568500816822052,0.568500816822052,723676,0.0,0.0
2024-01-10 14:00:00-03:00,0.5681232213973999,0.5759872198104858,0.5649620294570923,0.5758907198905945,257728,0.0,0.0
2024-01-10 15:00:00-03:00,0.5759361982345581,0.5822280049324036,0.5759361982345581,0.5807626247406006,402468,0.0,0.0
2024-01-10 16:00:00-03:00,0.5809590816497803,0.5844320058822632,0.5787010192871094,0.5823230743408203,268028,0.0,0.0
2024-01-10 17:00:00-03:00,0.5823671817779541,0.5823698043823242,0.5716133117675781,0.5801146030426025,2299636,0.0,0.0
2024-01-10 18:00:00-03:00,0.5814444422721863,0.6043227314949036,0.5814444422721863,0.6043227314949036,0,0.0,0.0
2024-01-10 19:00:00-03:00,0.6043527126312256,0.6192675232887268,0.6043527126312256,0.6152700185775757,5122668,0.0,0.0
2024-01-10 20:00:00-03:00,0.6159297227859497,0.6245227456092834,0.6092872023582458,0.6092872023582458,4700228,0.0,0.0
2024-01-10 21:00:00-03:00,0.6098941564559937,0.6162349581718445,0.6060305833816528,0.6160767078399658,2035436,0.0,0.0
2024-01-10 22:00:00-03:00,0.6156563758850098,0.6186692714691162,0.6124677062034607,0.6163366436958313,1526228,0.0,0.0
2024-01-10 23:00:00-03:00,0.6159356236457825,0.6183179020881653,0.6148082613945007,0.6170133948326111,759060,0.0,0.0
2024-01-11 00:00:00-03:00,0.6171480417251587,0.6192622780799866,0.6142549514770508,0.6192622780799866,878476,0.0,0.0
2024-01-11 01:00:00-03:00,0.6195732951164246,0.6222259998321533,0.6186480522155762,0.6200505495071411,918520,0.0,0.0
2024-01-11 02:00:00-03:00,0.6199787259101868,0.6199787259101868,0.609015941619873,0.6119711995124817,1147144,0.0,0.0
2024-01-11 03:00:00-03:00,0.6119130849838257,0.6119130849838257,0.6028786897659302,0.6060242652893066,1310660,0.0,0.0
2024-01-11 04:00:00-03:00,0.6059317588806152,0.6130883693695068,0.6057671308517456,0.6123748421669006,387392,0.0,0.0
2024-01-11 05:00:00-03:00,0.6123605370521545,0.6186766624450684,0.6111541986465454,0.6174183487892151,495044,0.0,0.0
2024-01-11 06:00:00-03:00,0.6174284815788269,0.6224164366722107,0.6161015629768372,0.62014240026474,159128,0.0,0.0
2024-01-11 07:00:00-03:00,0.6197618246078491,0.6264206767082214,0.6187293529510498,0.6264206767082214,582620,0.0,0.0
2024-01-11 08:00:00-03:00,0.6266103982925415,0.6295927166938782,0.6252191662788391,0.6295927166938782,585652,0.0,0.0
2024-01-11 09:00:00-03:00,0.6296913623809814,0.6369571685791016,0.6296913623809814,0.636841356754303,0,0.0,0.0
2024-01-11 10:00:00-03:00,0.636841356754303,0.6372920274734497,0.6248545050621033,0.63037109375,968836,0.0,0.0
2024-01-11 11:00:00-03:00,0.6303730607032776,0.6361788511276245,0.6243776679039001,0.6336402893066406,0,0.0,0.0
2024-01-11 12:00:00-03:00,0.6337961554527283,0.634177029132843,0.6097778677940369,0.6127323508262634,846976,0.0,0.0
2024-01-11 13:00:00-03:00,0.6135751008987427,0.6184744238853455,0.6045374274253845,0.6115877032279968,295376,0.0,0.0
2024-01-11 14:00:00-03:00,0.6116799712181091,0.6194367408752441,0.6116799712181091,0.6185716986656189,96188,0.0,0.0
2024-01-11 15:00:00-03:00,0.6185933351516724,0.6225685477256775,0.616450846195221,0.6199104189872742,0,0.0,0.0
2024-01-11 16:00:00-03:00,0.6199782490730286,0.6257761120796204,0.6193930506706238,0.6256980895996094,0,0.0,0.0
2024-01-11 17:00:00-03:00,0.6256707310676575,0.6278930306434631,0.615637481212616,0.6159451007843018,0,0.0,0.0
2024-01-11 18:00:00-03:00,0.6158365607261658,0.6190550327301025,0.6138629913330078,0.6138629913330078,0,0.0,0.0
2024-01-11 19:00:00-03:00,0.6138105392456055,0.6176684498786926,0.6127346158027649,0.6176684498786926,0,0.0,0.0
2024-01-11 20:00:00-03:00,0.6178059577941895,0.6244181990623474,0.6178059577941895,0.6217265129089355,0,0.0,0.0
2024-01-11 21:00:00-03:00,0.6216840744018555,0.623393177986145,0.6156800985336304,0.6206037402153015,0,0.0,0.0
2024-01-11 22:00:00-03:00,0.6204761862754822,0.6291434168815613,0.6163325309753418,0.6285485625267029,0,0.0,0.0
2024-01-11 23:00:00-03:00,0.6285309195518494,0.6365379095077515,0.6285309195518494,0.633404016494751,3075288,0.0,0.0
2024-01-12 00:00:00-03:00,0.633491039276123,0.6437622308731079,0.633116602897644,0.6436023712158203,1676392,0.0,0.0
2024-01-12 01:00:00-03:00,0.6434714794158936,0.6494567394256592,0.6363539099693298,0.6367170214653015,4171236,0.0,0.0
2024-01-12 02:00:00-03:00,0.6368849277496338,0.6400555968284607,0.634636640548706,0.6393706798553467,219864,0.0,0.0
2024-01-12 03:00:00-03:00,0.6393706798553467,0.6439512372016907,0.6391481757164001,0.6411198973655701,0,0.0,0.0
2024-01-12 04:00:00-03:00,0.6409176588058472,0.6491966843605042,0.6403200626373291,0.6484764814376831,2652828,0.0,0.0
2024-01-12 05:00:00-03:00,0.6485214829444885,0.6485214829444885,0.6344214677810669,0.6387945413589478,1882352,0.0,0.0
2024-01-12 06:00:00-03:00,0.6387646198272705,0.640511691570282,0.6285496950149536,0.6390841603279114,927052,0.0,0.0
2024-01-12 07:00:00-03:00,0.6390841603279114,0.6494431495666504,0.6386250257492065,0.6456947326660156,1692220,0.0,0.0
2024-01-12 08:00:00-03:00,0.645389974117279,0.6603370308876038,0.6453860998153687,0.6571471691131592,10141232,0.0,0.0
2024-01-12 09:00:00-03:00,0.6562665700912476,0.6562665700912476,0.6477250456809998,0.6524937152862549,2235736,0.0,0.0
2024-01-12 10:00:00-03:00,0.6523745059967041,0.6535031795501709,0.6472744345664978,0.6476271152496338,0,0.0,0.0
2024-01-12 11:00:00-03:00,0.6481074094772339,0.6538912057876587,0.6475275754928589,0.6535861492156982,114424,0.0,0.0
2024-01-12 12:00:00-03:00,0.6533349752426147,0.6533349752426147,0.6281553506851196,0.6300309896469116,1732552,0.0,0.0
2024-01-12 13:00:00-03:00,0.6301847696304321,0.6354721784591675,0.6135277152061462,0.6139166951179504,1699152,0.0,0.0
2024-01-12 14:00:00-03:00,0.6139652132987976,0.6230109333992004,0.6046700477600098,0.6230109333992004,2793624,0.0,0.0
2024-01-12 15:00:00-03:00,0.623981773853302,0.6293504238128662,0.6190064549446106,0.6263970136642456,815088,0.0,0.0
2024-01-12 16:00:00-03:00,0.6262116432189941,0.6266897916793823,0.6226123571395874,0.6227655410766602,91824,0.0,0.0
2024-01-12 17:00:00-03:00,0.6228130459785461,0.6393329501152039,0.6228130459785461,0.6359809041023254,255320,0.0,0.0
2024-01-12 18:00:00-03:00,0.637359619140625,0.637359619140625,0.6179772019386292,0.6252341866493225,1546168,0.0,0.0
2024-01-12 19:00:00-03:00,0.6251121163368225,0.6251121163368225,0.5974474549293518,0.6074047088623047,4149768,0.0,0.0
2024-01-12 20:00:00-03:00,0.6078682541847229,0.618717610836029,0.6078682541847229,0.618129551410675,852536,0.0,0.0
2024-01-12 21:00:00-03:00,0.618396520614624,0.6210913062095642,0.6009365320205688,0.6011682748794556,1534384,0.0,0.0
2024-01-12 22:00:00-03:00,0.6006574630737305,0.6006574630737305,0.5891439318656921,0.5991992354393005,1659872,0.0,0.0
2024-01-12 23:00:00-03:00,0.5991715788841248,0.6026155352592468,0.5970960855484009,0.601215124130249,0,0.0,0.0
2024-01-13 00:00:00-03:00,0.6010364890098572,0.6030750870704651,0.597586989402771,0.6010515689849854,0,0.0,0.0
2024-01-13 01:00:00-03:00,0.601158082485199,0.6092737913131714,0.601158082485199,0.6067392826080322,0,0.0,0.0
2024-01-13 02:00:00-03:00,0.6067275404930115,0.6135131120681763,0.60564124584198,0.6119390726089478,0,0.0,0.0
2024-01-13 03:00:00-03:00,0.6120070815086365,0.6156780123710632,0.6106910109519958,0.6134994029998779,0,0.0,0.0
2024-01-13 04:00:00-03:00,0.6135230660438538,0.6148983240127563,0.6118054389953613,0.611967921257019,0,0.0,0.0
2024-01-13 05:00:00-03:00,0.6119549870491028,0.6136780381202698,0.6109603643417358,0.6117098331451416,0,0.0,0.0
2024-01-13 06:00:00-03:00,0.6117435693740845,0.6132811903953552,0.6076707243919373,0.609111487865448,0,0.0,0.0
2024-01-13 07:00:00-03:00,0.6090978384017944,0.6108012795448303,0.6074832081794739,0.6096224784851074,0,0.0,0.0
2024-01-13 08:00:00-03:00,0.6092113852500916,0.6093572378158569,0.6071363687515259,0.6082069277763367,0,0.0,0.0
2024-01-13 09:00:00-03:00,0.6083614826202393,0.6139058470726013,0.6083614826202393,0.6135164499282837,0,0.0,0.0
2024-01-13 10:00:00-03:00,0.6133374571800232,0.6133374571800232,0.60773766040802,0.608493447303772,0,0.0,0.0
2024-01-13 11:00:00-03:00,0.608508825302124,0.6136612296104431,0.6073471307754517,0.6108607649803162,0,0.0,0.0
2024-01-13 12:00:00-03:00,0.6108607649803162,0.6183909773826599,0.6108607649803162,0.6177202463150024,0,0.0,0.0
2024-01-13 13:00:00-03:00,0.6177202463150024,0.619483470916748,0.6159330606460571,0.6180827617645264,0,0.0,0.0
2024-01-13 14:00:00-03:00,0.6180300712585449,0.6290472745895386,0.6159564256668091,0.6290472745895386,0,0.0,0.0
2024-01-13 15:00:00-03:00,0.6289470791816711,0.6302529573440552,0.6258150339126587,0.6258150339126587,0,0.0,0.0
2024-01-13 16:00:00-03:00,0.6257631778717041,0.6314040422439575,0.6257631778717041,0.6310928463935852,264812,0.0,0.0
2024-01-13 17:00:00-03:00,0.6307609677314758,0.6325899958610535,0.6285226345062256,0.6318597793579102,0,0.0,0.0
2024-01-13 18:00:00-03:00,0.6318709254264832,0.6339629888534546,0.6302105784416199,0.6339629888534546,0,0.0,0.0
2024-01-13 19:00:00-03:00,0.6339569091796875,0.634096086025238,0.6298456192016602,0.6332610845565796,0,0.0,0.0
2024-01-13 20:00:00-03:00,0.6333068609237671,0.6333068609237671,0.6256710886955261,0.6270015835762024,0,0.0,0.0
2024-01-13 21:00:00-03:00,0.6272001266479492,0.6276211738586426,0.6166831254959106,0.6167129278182983,0,0.0,0.0
2024-01-13 22:00:00-03:00,0.6166666746139526,0.6219892501831055,0.6166286468505859,0.6206324100494385,0,0.0,0.0
2024-01-13 23:00:00-03:00,0.6206971406936646,0.6208764314651489,0.616753876209259,0.6189668774604797,0,0.0,0.0
2024-01-14 00:00:00-03:00,0.6189301609992981,0.6204230785369873,0.6163379549980164,0.6164894700050354,0,0.0,0.0
2024-01-14 01:00:00-03:00,0.616555392742157,0.6182423830032349,0.6118972897529602,0.6120318174362183,0,0.0,0.0
2024-01-14 02:00:00-03:00,0.6120065450668335,0.6187869310379028,0.6120065450668335,0.6179877519607544,0,0.0,0.0
2024-01-14 03:00:00-03:00,0.6180790066719055,0.622523844242096,0.6177130341529846,0.622523844242096,0,0.0,0.0
2024-01-14 04:00:00-03:00,0.6230063438415527,0.6236535906791687,0.619166374206543,0.6211552023887634,0,0.0,0.0
2024-01-14 05:00:00-03:00,0.6214185357093811,0.6263039112091064,0.6204141974449158,0.6263039112091064,0,0.0,0.0
2024-01-14 06:00:00-03:00,0.6262956857681274,0.6284574270248413,0.6234877705574036,0.6260673403739929,0,0.0,0.0
2024-01-14 07:00:00-03:00,0.6259915232658386,0.626166045665741,0.6219945549964905,0.6219945549964905,0,0.0,0.0
2024-01-14 08:00:00-03:00,0.6220049858093262,0.6220049858093262,0.6141515374183655,0.6150279641151428,220558,0.0,0.0
2024-01-14 09:00:00-03:00,0.6150203943252563,0.6179735660552979,0.613998293876648,0.613998293876648,0,0.0,0.0
2024-01-14 10:00:00-03:00,0.6139547824859619,0.6185506582260132,0.612429678440094,0.6182313561439514,0,0.0,0.0
2024-01-14 11:00:00-03:00,0.6182060837745667,0.620323121547699,0.6169899702072144,0.6170392632484436,0,0.0,0.0
2024-01-14 12:00:00-03:00,0.6170392632484436,0.6225940585136414,0.6167984008789062,0.6225737929344177,0,0.0,0.0
2024-01-14 13:00:00-03:00,0.6225453615188599,0.6225453615188599,0.615085780620575,0.6157375574111938,0,0.0,0.0
2024-01-14 14:00:00-03:00,0.6158789396286011,0.6203873753547668,0.6158789396286011,0.6180881261825562,0,0.0,0.0
2024-01-14 15:00:00-03:00,0.6180793642997742,0.6198376417160034,0.6136890649795532,0.6156257390975952,0,0.0,0.0
2024-01-14 16:00:00-03:00,0.6156257390975952,0.6159794330596924,0.6052367687225342,0.6052367687225342,0,0.0,0.0
2024-01-14 17:00:00-03:00,0.60531085729599,0.6109936237335205,0.6015869975090027,0.6080061793327332,100116,0.0,0.0
2024-01-14 18:00:00-03:00,0.6079940795898438,0.610823392868042,0.6043795347213745,0.610823392868042,0,0.0,0.0
2024-01-14 19:00:00-03:00,0.6110805869102478,0.6137783527374268,0.6062578558921814,0.6085202097892761,0,0.0,0.0
2024-01-14 20:00:00-03:00,0.6079556941986084,0.6079556941986084,0.5967994928359985,0.5967994928359985,556520,0.0,0.0
2024-01-14 21:00:00-03:00,0.5968955159187317,0.6085166931152344,0.5968955159187317,0.606443464756012,26718,0.0,0.0
2024-01-14 22:00:00-03:00,0.6064155101776123,0.609721839427948,0.6054604649543762,0.6096816062927246,0,0.0,0.0
2024-01-14 23:00:00-03:00,0.6098798513412476,0.610446035861969,0.6070541143417358,0.610446035861969,0,0.0,0.0
2024-01-15 00:00:00-03:00,0.6104097962379456,0.6120809316635132,0.6094891428947449,0.6095724105834961,0,0.0,0.0
2024-01-15 01:00:00-03:00,0.6095792055130005,0.6113764643669128,0.6081241965293884,0.6101001501083374,0,0.0,0.0
2024-01-15 02:00:00-03:00,0.6100757718086243,0.6133736371994019,0.6100757718086243,0.6102217435836792,0,0.0,0.0
2024-01-15 03:00:00-03:00,0.6103063225746155,0.6103856563568115,0.6048640012741089,0.6050820350646973,141888,0.0,0.0
2024-01-15 04:00:00-03:00,0.6050747036933899,0.6058938503265381,0.6009419560432434,0.6047362685203552,367622,0.0,0.0
2024-01-15 05:00:00-03:00,0.6046302318572998,0.6055691838264465,0.600610077381134,0.6038554906845093,164246,0.0,0.0
2024-01-15 06:00:00-03:00,0.6038554906845093,0.6067780256271362,0.600519061088562,0.6067780256271362,0,0.0,0.0
2024-01-15 07:00:00-03:00,0.6067780256271362,0.6067780256271362,0.6032578349113464,0.6049020886421204,0,0.0,0.0
2024-01-15 08:00:00-03:00,0.6048431396484375,0.6049932837486267,0.602862536907196,0.6047778129577637,0,0.0,0.0
2024-01-15 09:00:00-03:00,0.6047573685646057,0.6061065196990967,0.599593460559845,0.6006410121917725,351332,0.0,0.0
2024-01-15 10:00:00-03:00,0.6006312370300293,0.6064682602882385,0.6000269651412964,0.6049799919128418,371680,0.0,0.0
2024-01-15 11:00:00-03:00,0.6049799919128418,0.6049892902374268,0.5925610661506653,0.5927753448486328,955134,0.0,0.0
2024-01-15 12:00:00-03:00,0.5928504467010498,0.5954413414001465,0.5924623608589172,0.5931515097618103,264296,0.0,0.0
2024-01-15 13:00:00-03:00,0.5932860970497131,0.5998306274414062,0.5927855968475342,0.599198579788208,0,0.0,0.0
2024-01-15 14:00:00-03:00,0.5990875959396362,0.6003215909004211,0.5981706976890564,0.6002054214477539,0,0.0,0.0
2024-01-15 15:00:00-03:00,0.6001748442649841,0.6084601283073425,0.6001561880111694,0.6043456792831421,420314,0.0,0.0
2024-01-15 16:00:00-03:00,0.6032286882400513,0.6059957146644592,0.6024212837219238,0.6032395958900452,0,0.0,0.0
2024-01-15 17:00:00-03:00,0.6032395958900452,0.6074844598770142,0.6023409366607666,0.602677583694458,0,0.0,0.0
2024-01-15 18:00:00-03:00,0.602862536907196,0.6035047173500061,0.6009236574172974,0.6016491651535034,0,0.0,0.0
2024-01-15 19:00:00-03:00,0.6016013026237488,0.601685106754303,0.5952866673469543,0.5984376072883606,150526,0.0,0.0
2024-01-15 20:00:00-03:00,0.5984545350074768,0.6020540595054626,0.5983791947364807,0.6010109186172485,0,0.0,0.0
2024-01-15 21:00:00-03:00,0.6008422374725342,0.6024640202522278,0.5994748473167419,0.5994748473167419,0,0.0,0.0
2024-01-15 22:00:00-03:00,0.5992125272750854,0.6012345552444458,0.5959469676017761,0.597923755645752,427746,0.0,0.0
2024-01-15 23:00:00-03:00,0.5979452729225159,0.600755512714386,0.5968644618988037,0.5973362922668457,247158,0.0,0.0
2024-01-16 00:00:00-03:00,0.5973597764968872,0.6012294292449951,0.5973508954048157,0.6012294292449951,10948,0.0,0.0
2024-01-16 01:00:00-03:00,0.6014458537101746,0.6032428741455078,0.6009310483932495,0.6026427149772644,55586,0.0,0.0
2024-01-16 02:00:00-03:00,0.6026833653450012,0.6057991981506348,0.6017938852310181,0.6018391847610474,312772,0.0,0.0
2024-01-16 03:00:00-03:00,0.6018624901771545,0.6025890707969666,0.5980212092399597,0.601495087146759,173260,0.0,0.0
2024-01-16 04:00:00-03:00,0.6014883518218994,0.6056504249572754,0.6009320616722107,0.60349440574646,34206,0.0,0.0
2024-01-16 05:00:00-03:00,0.6035552620887756,0.6064972281455994,0.6022078990936279,0.6049455404281616,220326,0.0,0.0
2024-01-16 06:00:00-03:00,0.6050644516944885,0.6078402400016785,0.6050644516944885,0.6065347790718079,214068,0.0,0.0
2024-01-16 07:00:00-03:00,0.6065347790718079,0.6065347790718079,0.6024029850959778,0.6047950387001038,203928,0.0,0.0
2024-01-16 08:00:00-03:00,0.6046791076660156,0.6056893467903137,0.6002475619316101,0.6033188700675964,491334,0.0,0.0
2024-01-16 09:00:00-03:00,0.6033481359481812,0.609478235244751,0.6032519340515137,0.609478235244751,95524,0.0,0.0
2024-01-16 10:00:00-03:00,0.6093541979789734,0.6093541979789734,0.5999631285667419,0.5999631285667419,228182,0.0,0.0
2024-01-16 11:00:00-03:00,0.5999631285667419,0.6012888550758362,0.5907217860221863,0.5977939367294312,1033426,0.0,0.0
2024-01-16 12:00:00-03:00,0.5977886915206909,0.6075417399406433,0.5964230298995972,0.6072005033493042,887494,0.0,0.0
2024-01-16 13:00:00-03:00,0.6072076559066772,0.61175537109375,0.6044026613235474,0.6091535091400146,188852,0.0,0.0
2024-01-16 14:00:00-03:00,0.609110951423645,0.6106677055358887,0.608837902545929,0.6105387806892395,30640,0.0,0.0
2024-01-16 15:00:00-03:00,0.6104823350906372,0.6118818521499634,0.6070854067802429,0.6092449426651001,0,0.0,0.0
2024-01-16 16:00:00-03:00,0.6091604828834534,0.6104176640510559,0.6076344847679138,0.6104176640510559,0,0.0,0.0
2024-01-16 17:00:00-03:00,0.6104397177696228,0.6127275824546814,0.6095663905143738,0.6096851825714111,0,0.0,0.0
2024-01-16 18:00:00-03:00,0.6098493933677673,0.6146678328514099,0.6098493933677673,0.6136676073074341,45200,0.0,0.0
2024-01-16 19:00:00-03:00,0.6137087345123291,0.6162779927253723,0.6137087345123291,0.6146905422210693,0,0.0,0.0
2024-01-16 20:00:00-03:00,0.6145050525665283,0.6161336302757263,0.6123591065406799,0.6124967336654663,9216,0.0,0.0
2024-01-16 21:00:00-03:00,0.6124358773231506,0.6130757331848145,0.609460711479187,0.6106206774711609,0,0.0,0.0
2024-01-16 22:00:00-03:00,0.6106306910514832,0.6137692332267761,0.6085941195487976,0.6085941195487976,0,0.0,0.0
2024-01-16 23:00:00-03:00,0.608582615852356,0.612470269203186,0.6078652143478394,0.6118036508560181,0,0.0,0.0
2024-01-17 00:00:00-03:00,0.6118036508560181,0.6118036508560181,0.6072841882705688,0.6073922514915466,0,0.0,0.0
2024-01-17 01:00:00-03:00,0.6074690818786621,0.6074690818786621,0.6030310988426208,0.6039431691169739,87992,0.0,0.0
2024-01-17 02:00:00-03:00,0.6040520071983337,0.6058952808380127,0.598755955696106,0.5991210341453552,0,0.0,0.0
2024-01-17 03:00:00-03:00,0.5991286039352417,0.6010804772377014,0.5990143418312073,0.6007065773010254,0,0.0,0.0
2024-01-17 04:00:00-03:00,0.6007065773010254,0.6007065773010254,0.5951616168022156,0.5951616168022156,0,0.0,0.0
2024-01-17 05:00:00-03:00,0.5951836705207825,0.5994694232940674,0.5948928594589233,0.5994694232940674,0,0.0,0.0
2024-01-17 06:00:00-03:00,0.5994892716407776,0.602994978427887,0.5994892716407776,0.6019144654273987,0,0.0,0.0
2024-01-17 07:00:00-03:00,0.601910412311554,0.6045476198196411,0.6018219590187073,0.604102611541748,0,0.0,0.0
2024-01-17 08:00:00-03:00,0.6040942072868347,0.6055425405502319,0.6034761667251587,0.6045724749565125,0,0.0,0.0
2024-01-17 09:00:00-03:00,0.6045267581939697,0.6051868200302124,0.6008428931236267,0.6046861410140991,0,0.0,0.0
2024-01-17 10:00:00-03:00,0.6047940850257874,0.6047940850257874,0.6019323468208313,0.6024259924888611,0,0.0,0.0
2024-01-17 11:00:00-03:00,0.6024109125137329,0.6067845225334167,0.6003772616386414,0.6063472032546997,0,0.0,0.0
2024-01-17 12:00:00-03:00,0.6034882068634033,0.6093589663505554,0.6022125482559204,0.6029144525527954,0,0.0,0.0
2024-01-17 13:00:00-03:00,0.6028455495834351,0.6030934453010559,0.5999166369438171,0.6008682250976562,0,0.0,0.0
2024-01-17 14:00:00-03:00,0.6009348630905151,0.6009348630905151,0.5955847501754761,0.5994439125061035,426482,0.0,0.0
2024-01-17 15:00:00-03:00,0.5992786884307861,0.5997158288955688,0.5958877801895142,0.5997158288955688,0,0.0,0.0
2024-01-17 16:00:00-03:00,0.5997363328933716,0.6006494760513306,0.597882091999054,0.6001094579696655,0,0.0,0.0
2024-01-17 17:00:00-03:00,0.6000902652740479,0.6013877987861633,0.5986335873603821,0.5996318459510803,0,0.0,0.0
2024-01-17 18:00:00-03:00,0.5998212099075317,0.6014971137046814,0.5991079807281494,0.5991079807281494,0,0.0,0.0
2024-01-17 19:00:00-03:00,0.5990955829620361,0.5995080471038818,0.5933882594108582,0.5954244136810303,220120,0.0,0.0
2024-01-17 20:00:00-03:00,0.5954462289810181,0.5986545085906982,0.5936256051063538,0.5986539125442505,0,0.0,0.0
2024-01-17 21:00:00-03:00,0.5988876819610596,0.6002599596977234,0.5948715209960938,0.5953169465065002,0,0.0,0.0
2024-01-17 22:00:00-03:00,0.595255434513092,0.5971171259880066,0.5859130024909973,0.5891055464744568,873032,0.0,0.0
2024-01-17 23:00:00-03:00,0.5891181230545044,0.5931220054626465,0.5891181230545044,0.5903886556625366,0,0.0,0.0
2024-01-18 00:00:00-03:00,0.5903723835945129,0.5921025276184082,0.5898749232292175,0.5906598567962646,0,0.0,0.0
2024-01-18 01:00:00-03:00,0.5906598567962646,0.5936977863311768,0.5901980400085449,0.5919219851493835,0,0.0,0.0
2024-01-18 02:00:00-03:00,0.5919458270072937,0.5957176089286804,0.5916913151741028,0.5957176089286804,0,0.0,0.0
2024-01-18 03:00:00-03:00,0.5957192182540894,0.5982518792152405,0.5953121781349182,0.5973147749900818,0,0.0,0.0
2024-01-18 04:00:00-03:00,0.5972767472267151,0.6006932854652405,0.5970581769943237,0.6006932854652405,0,0.0,0.0
2024-01-18 05:00:00-03:00,0.6007160544395447,0.6027942299842834,0.5996789932250977,0.5997999906539917,57590,0.0,0.0
2024-01-18 06:00:00-03:00,0.599800705909729,0.599800705909729,0.596067488193512,0.596067488193512,0,0.0,0.0
2024-01-18 07:00:00-03:00,0.5960331559181213,0.597425639629364,0.5904451012611389,0.5908554196357727,13378,0.0,0.0
2024-01-18 08:00:00-03:00,0.5908190608024597,0.5939825773239136,0.5906884670257568,0.5923929214477539,0,0.0,0.0
2024-01-18 09:00:00-03:00,0.5923780202865601,0.5930337309837341,0.586454451084137,0.5887168049812317,35870,0.0,0.0
2024-01-18 10:00:00-03:00,0.5887123942375183,0.5919070243835449,0.5851956009864807,0.5916106700897217,175384,0.0,0.0
2024-01-18 11:00:00-03:00,0.5914524793624878,0.5924037098884583,0.5899566411972046,0.5918545126914978,0,0.0,0.0
2024-01-18 12:00:00-03:00,0.5919234156608582,0.5924419164657593,0.5894195437431335,0.5901840329170227,0,0.0,0.0
2024-01-18 13:00:00-03:00,0.5902073383331299,0.5902073383331299,0.5724180340766907,0.5759611129760742,1605678,0.0,0.0
2024-01-18 14:00:00-03:00,0.5759153366088867,0.5769810676574707,0.567153811454773,0.5691863298416138,189492,0.0,0.0
2024-01-18 15:00:00-03:00,0.5692207217216492,0.5707143545150757,0.5629318356513977,0.5697790384292603,561124,0.0,0.0
2024-01-18 16:00:00-03:00,0.5696806907653809,0.5708091259002686,0.5588961243629456,0.5588961243629456,474866,0.0,0.0
2024-01-18 17:00:00-03:00,0.5587939023971558,0.5671862363815308,0.5581894516944885,0.5647857785224915,707058,0.0,0.0
2024-01-18 18:00:00-03:00,0.5648773908615112,0.5669405460357666,0.561097264289856,0.5657666325569153,504062,0.0,0.0
2024-01-18 19:00:00-03:00,0.5656124353408813,0.5702196955680847,0.5645318627357483,0.5702196955680847,0,0.0,0.0
2024-01-18 20:00:00-03:00,0.5702204704284668,0.5702204704284668,0.5669360160827637,0.5671010613441467,29702,0.0,0.0
2024-01-18 21:00:00-03:00,0.5671901702880859,0.5692147612571716,0.5609070658683777,0.5640687346458435,382814,0.0,0.0
2024-01-18 22:00:00-03:00,0.5640749335289001,0.5640749335289001,0.5526455640792847,0.5613337755203247,0,0.0,0.0
2024-01-18 23:00:00-03:00,0.5613390207290649,0.5613390207290649,0.5530170798301697,0.5558379292488098,431372,0.0,0.0
2024-01-19 00:00:00-03:00,0.5555933713912964,0.5567367076873779,0.5494889616966248,0.5567367076873779,577066,0.0,0.0
2024-01-19 01:00:00-03:00,0.5567423701286316,0.5617479085922241,0.5567423701286316,0.5600763559341431,195932,0.0,0.0
2024-01-19 02:00:00-03:00,0.5598647594451904,0.5616267919540405,0.5588148236274719,0.5604578852653503,0,0.0,0.0
2024-01-19 03:00:00-03:00,0.5606138110160828,0.563534140586853,0.5606138110160828,0.5633243918418884,96152,0.0,0.0
2024-01-19 04:00:00-03:00,0.5634813904762268,0.5647155046463013,0.561860203742981,0.561860203742981,0,0.0,0.0
2024-01-19 05:00:00-03:00,0.5618053674697876,0.563520610332489,0.5603563189506531,0.563520610332489,0,0.0,0.0
2024-01-19 06:00:00-03:00,0.5634468197822571,0.5649198889732361,0.5621235370635986,0.5628176927566528,0,0.0,0.0
2024-01-19 07:00:00-03:00,0.5627853870391846,0.5663853883743286,0.5627853870391846,0.5663853883743286,0,0.0,0.0
2024-01-19 08:00:00-03:00,0.5664026737213135,0.567884624004364,0.5660221576690674,0.5671557188034058,0,0.0,0.0
2024-01-19 09:00:00-03:00,0.5671760439872742,0.567206621170044,0.5646046996116638,0.5659270882606506,0,0.0,0.0
2024-01-19 10:00:00-03:00,0.5659517049789429,0.5666704773902893,0.5638686418533325,0.564856767654419,0,0.0,0.0
2024-01-19 11:00:00-03:00,0.5650535225868225,0.5662746429443359,0.5577027201652527,0.559028685092926,341620,0.0,0.0
2024-01-19 12:00:00-03:00,0.5589702129364014,0.5589702129364014,0.551312267780304,0.5522366762161255,703692,0.0,0.0
2024-01-19 13:00:00-03:00,0.5521702170372009,0.5522266626358032,0.5311117768287659,0.5352137088775635,38872,0.0,0.0
2024-01-19 14:00:00-03:00,0.5352926254272461,0.5471178889274597,0.5342094302177429,0.5471178889274597,255180,0.0,0.0
2024-01-19 15:00:00-03:00,0.5472598671913147,0.5565162897109985,0.5455766916275024,0.5565162897109985,0,0.0,0.0
2024-01-19 16:00:00-03:00,0.5561007857322693,0.556857168674469,0.5516902208328247,0.556857168674469,0,0.0,0.0
2024-01-19 17:00:00-03:00,0.5568888187408447,0.561411440372467,0.5567805171012878,0.5567805171012878,0,0.0,0.0
2024-01-19 18:00:00-03:00,0.5567467212677002,0.5589892268180847,0.5561999082565308,0.5586944222450256,0,0.0,0.0
2024-01-19 19:00:00-03:00,0.5587689876556396,0.5597604513168335,0.556975245475769,0.5597604513168335,0,0.0,0.0
2024-01-19 20:00:00-03:00,0.5597528219223022,0.5613048076629639,0.559197723865509,0.5601157546043396,0,0.0,0.0
2024-01-19 21:00:00-03:00,0.5600129961967468,0.5600129961967468,0.5530663728713989,0.5530663728713989,0,0.0,0.0
2024-01-19 22:00:00-03:00,0.5530627369880676,0.5615326166152954,0.5528917908668518,0.5603006482124329,0,0.0,0.0
2024-01-19 23:00:00-03:00,0.5602868795394897,0.5606117844581604,0.5581757426261902,0.5594408512115479,0,0.0,0.0
2024-01-20 00:00:00-03:00,0.5594533681869507,0.5615368485450745,0.558735191822052,0.5615368485450745,0,0.0,0.0
2024-01-20 01:00:00-03:00,0.5615688562393188,0.5621804594993591,0.558256208896637,0.5603966116905212,0,0.0,0.0
2024-01-20 02:00:00-03:00,0.5604146122932434,0.5604146122932434,0.5584530830383301,0.5594055652618408,0,0.0,0.0
2024-01-20 03:00:00-03:00,0.5594082474708557,0.5626221895217896,0.5594082474708557,0.5623381733894348,0,0.0,0.0
2024-01-20 04:00:00-03:00,0.5622615814208984,0.564950168132782,0.5621150732040405,0.5624606609344482,161071,0.0,0.0
2024-01-20 05:00:00-03:00,0.5624816417694092,0.5626000761985779,0.5591965317726135,0.5598111152648926,0,0.0,0.0
2024-01-20 06:00:00-03:00,0.5598512291908264,0.5607694983482361,0.5551503896713257,0.5551503896713257,90004,0.0,0.0
2024-01-20 07:00:00-03:00,0.5551990866661072,0.561599612236023,0.5542311072349548,0.5596899390220642,178026,0.0,0.0
2024-01-20 08:00:00-03:00,0.5596519708633423,0.5661060214042664,0.5587297677993774,0.5657548904418945,162172,0.0,0.0
2024-01-20 09:00:00-03:00,0.5657597184181213,0.5716451406478882,0.5651931166648865,0.5689021944999695,777800,0.0,0.0
2024-01-20 10:00:00-03:00,0.5689325928688049,0.571010172367096,0.5673230886459351,0.568067193031311,29682,0.0,0.0
2024-01-20 11:00:00-03:00,0.5680332183837891,0.5723181962966919,0.5676794648170471,0.5723181962966919,0,0.0,0.0
2024-01-20 12:00:00-03:00,0.5718979835510254,0.5729228854179382,0.5696699619293213,0.5704533457756042,0,0.0,0.0
2024-01-20 13:00:00-03:00,0.5702269673347473,0.5747197866439819,0.5695096850395203,0.5713191032409668,0,0.0,0.0
2024-01-20 14:00:00-03:00,0.5713145136833191,0.5722643733024597,0.56822669506073,0.5719528794288635,0,0.0,0.0
2024-01-20 15:00:00-03:00,0.5719528794288635,0.5719528794288635,0.5682533979415894,0.5683650970458984,0,0.0,0.0
2024-01-20 16:00:00-03:00,0.5683648586273193,0.5732192993164062,0.5683648586273193,0.5723375082015991,0,0.0,0.0
2024-01-20 17:00:00-03:00,0.5723339319229126,0.5754031538963318,0.5718564987182617,0.5740309357643127,122701,0.0,0.0
2024-01-20 18:00:00-03:00,0.574063777923584,0.5768927335739136,0.574063777923584,0.5752222537994385,82921,0.0,0.0
2024-01-20 19:00:00-03:00,0.5752067565917969,0.577472984790802,0.5734304785728455,0.5773218870162964,83393,0.0,0.0
2024-01-20 20:00:00-03:00,0.5771484971046448,0.578059196472168,0.5728176832199097,0.5737378001213074,293327,0.0,0.0
2024-01-20 21:00:00-03:00,0.5741421580314636,0.5742215514183044,0.5699097514152527,0.5699097514152527,0,0.0,0.0
2024-01-20 22:00:00-03:00,0.5699577331542969,0.5731107592582703,0.5694135427474976,0.571963906288147,0,0.0,0.0
2024-01-20 23:00:00-03:00,0.5719679594039917,0.5792607665061951,0.5719679594039917,0.5792607665061951,0,0.0,0.0
2024-01-21 00:00:00-03:00,0.5794903039932251,0.5880004167556763,0.5794903039932251,0.5880004167556763,867824,0.0,0.0
2024-01-21 01:00:00-03:00,0.5882562398910522,0.6087981462478638,0.5882562398910522,0.598721444606781,7092606,0.0,0.0
2024-01-21 02:00:00-03:00,0.5989647507667542,0.6067096590995789,0.5989647507667542,0.6030179858207703,4677878,0.0,0.0
2024-01-21 03:00:00-03:00,0.6030073165893555,0.6037485003471375,0.5932474732398987,0.5933500528335571,2684408,0.0,0.0
2024-01-21 04:00:00-03:00,0.5933093428611755,0.5979107022285461,0.5886003971099854,0.5967831015586853,2240560,0.0,0.0
2024-01-21 05:00:00-03:00,0.5967638492584229,0.5970940589904785,0.5914794206619263,0.5965790748596191,2154032,0.0,0.0
2024-01-21 06:00:00-03:00,0.5963281393051147,0.6036926507949829,0.594682514667511,0.6029747724533081,3398716,0.0,0.0
2024-01-21 07:00:00-03:00,0.6029514074325562,0.6038285493850708,0.599987268447876,0.6003335118293762,1963780,0.0,0.0
2024-01-21 08:00:00-03:00,0.6003409624099731,0.605506956577301,0.5987903475761414,0.6035696268081665,2727836,0.0,0.0
2024-01-21 09:00:00-03:00,0.6035726070404053,0.6066669821739197,0.6010561585426331,0.6013259887695312,576432,0.0,0.0
2024-01-21 10:00:00-03:00,0.6011372804641724,0.6082351803779602,0.5982799530029297,0.608224093914032,1925012,0.0,0.0
2024-01-21 11:00:00-03:00,0.6081352829933167,0.6081352829933167,0.5951323509216309,0.5962217450141907,1890232,0.0,0.0
2024-01-21 12:00:00-03:00,0.5960528254508972,0.6025723814964294,0.5957980155944824,0.6025723814964294,1527104,0.0,0.0
2024-01-21 13:00:00-03:00,0.6026594042778015,0.6026594042778015,0.5966547131538391,0.5966547131538391,440836,0.0,0.0
2024-01-21 14:00:00-03:00,0.5966785550117493,0.5983044505119324,0.5963930487632751,0.5978943109512329,120168,0.0,0.0
2024-01-21 15:00:00-03:00,0.5979254245758057,0.5980224013328552,0.5948163270950317,0.5957067608833313,427744,0.0,0.0
2024-01-21 16:00:00-03:00,0.5956913232803345,0.598332941532135,0.5945510864257812,0.5971139073371887,274932,0.0,0.0
2024-01-21 17:00:00-03:00,0.5969809889793396,0.5969809889793396,0.5906998515129089,0.591389536857605,364652,0.0,0.0
2024-01-21 18:00:00-03:00,0.5913528800010681,0.5919320583343506,0.5887284278869629,0.5914353728294373,458648,0.0,0.0
2024-01-21 19:00:00-03:00,0.5915258526802063,0.591943085193634,0.5844034552574158,0.5844034552574158,792812,0.0,0.0
2024-01-21 20:00:00-03:00,0.5845273733139038,0.5870077013969421,0.5819970369338989,0.5819970369338989,649304,0.0,0.0
2024-01-21 21:00:00-03:00,0.5818756818771362,0.5825949907302856,0.5663912296295166,0.5683050155639648,2379448,0.0,0.0
2024-01-21 22:00:00-03:00,0.5681886076927185,0.5712060332298279,0.5588110685348511,0.5588110685348511,2356112,0.0,0.0
2024-01-21 23:00:00-03:00,0.5588046312332153,0.5631015300750732,0.5551403164863586,0.5570084452629089,1083948,0.0,0.0
2024-01-22 00:00:00-03:00,0.5573529601097107,0.5633224844932556,0.5572319030761719,0.5626319646835327,0,0.0,0.0
2024-01-22 01:00:00-03:00,0.5626295804977417,0.5626999735832214,0.5587788820266724,0.5587788820266724,0,0.0,0.0
2024-01-22 02:00:00-03:00,0.5586762428283691,0.5641258358955383,0.5574149489402771,0.5635014772415161,0,0.0,0.0
2024-01-22 03:00:00-03:00,0.5635364055633545,0.569135844707489,0.5599499940872192,0.5674905180931091,0,0.0,0.0
2024-01-22 04:00:00-03:00,0.5675185322761536,0.568046510219574,0.5640324354171753,0.5640324354171753,0,0.0,0.0
2024-01-22 05:00:00-03:00,0.5640333294868469,0.5640333294868469,0.5550113916397095,0.556856632232666,0,0.0,0.0
2024-01-22 06:00:00-03:00,0.5568349957466125,0.5591586828231812,0.5512499213218689,0.551557183265686,0,0.0,0.0
2024-01-22 07:00:00-03:00,0.5517365336418152,0.5540425777435303,0.5459718108177185,0.5518032312393188,0,0.0,0.0
2024-01-22 08:00:00-03:00,0.5521313548088074,0.555610179901123,0.5521313548088074,0.5553971529006958,0,0.0,0.0
2024-01-22 09:00:00-03:00,0.5552068948745728,0.5552068948745728,0.5482082962989807,0.5501806735992432,0,0.0,0.0
2024-01-22 10:00:00-03:00,0.5502189993858337,0.558053195476532,0.5502189993858337,0.5553985834121704,0,0.0,0.0
2024-01-22 11:00:00-03:00,0.5553946495056152,0.5555148720741272,0.5447075366973877,0.5483862161636353,0,0.0,0.0
2024-01-22 12:00:00-03:00,0.5483703017234802,0.5500355958938599,0.5413569808006287,0.5490242838859558,0,0.0,0.0
2024-01-22 13:00:00-03:00,0.5491892099380493,0.5503143668174744,0.5474427342414856,0.5484052896499634,0,0.0,0.0
2024-01-22 14:00:00-03:00,0.5483048558235168,0.550930380821228,0.5471757054328918,0.5498468279838562,0,0.0,0.0
2024-01-22 15:00:00-03:00,0.5495266318321228,0.5516350269317627,0.5458585619926453,0.550443708896637,0,0.0,0.0
2024-01-22 16:00:00-03:00,0.5503629446029663,0.5520086288452148,0.5357529520988464,0.5416015386581421,917944,0.0,0.0
2024-01-22 17:00:00-03:00,0.5416574478149414,0.5511988997459412,0.5416218042373657,0.5479787588119507,0,0.0,0.0
2024-01-22 18:00:00-03:00,0.5478914380073547,0.548718273639679,0.5445366501808167,0.5466259121894836,0,0.0,0.0
2024-01-22 19:00:00-03:00,0.5461528897285461,0.546808660030365,0.5391061902046204,0.5425830483436584,0,0.0,0.0
2024-01-22 20:00:00-03:00,0.5428934097290039,0.5433255434036255,0.5363525152206421,0.5364469885826111,0,0.0,0.0
2024-01-22 21:00:00-03:00,0.5365194082260132,0.5389306545257568,0.5292522311210632,0.5333607792854309,0,0.0,0.0
2024-01-22 22:00:00-03:00,0.5332728028297424,0.535015881061554,0.5305128693580627,0.5319064855575562,0,0.0,0.0
2024-01-22 23:00:00-03:00,0.532512366771698,0.5407781600952148,0.5320144891738892,0.5407781600952148,0,0.0,0.0
2024-01-23 00:00:00-03:00,0.5409334301948547,0.5430622696876526,0.540198028087616,0.5407886505126953,0,0.0,0.0
2024-01-23 01:00:00-03:00,0.5406962037086487,0.5444584488868713,0.5404203534126282,0.5421264171600342,0,0.0,0.0
2024-01-23 02:00:00-03:00,0.5421712398529053,0.5440533757209778,0.5419386029243469,0.5436615347862244,0,0.0,0.0
2024-01-23 03:00:00-03:00,0.5436545014381409,0.5436545014381409,0.5402876138687134,0.5402876138687134,0,0.0,0.0
2024-01-23 04:00:00-03:00,0.5402740240097046,0.5408747792243958,0.5291425585746765,0.5294061303138733,182094,0.0,0.0
2024-01-23 05:00:00-03:00,0.5296963453292847,0.5325910449028015,0.515644371509552,0.5172898173332214,1514236,0.0,0.0
2024-01-23 06:00:00-03:00,0.5168517231941223,0.5168517231941223,0.49634313583374023,0.5011696219444275,2188908,0.0,0.0
2024-01-23 07:00:00-03:00,0.5011696219444275,0.5068005323410034,0.5001800656318665,0.5006803870201111,0,0.0,0.0
2024-01-23 08:00:00-03:00,0.5005570650100708,0.5033484697341919,0.49469849467277527,0.49686866998672485,1436980,0.0,0.0
2024-01-23 09:00:00-03:00,0.4968438744544983,0.5013587474822998,0.4956614375114441,0.5000057220458984,569960,0.0,0.0
2024-01-23 10:00:00-03:00,0.5000624656677246,0.5010009407997131,0.49623844027519226,0.49623844027519226,310078,0.0,0.0
2024-01-23 11:00:00-03:00,0.4962177276611328,0.49811238050460815,0.48998787999153137,0.4980955421924591,867072,0.0,0.0
2024-01-23 12:00:00-03:00,0.49851831793785095,0.507771372795105,0.49851831793785095,0.5049411654472351,270224,0.0,0.0
2024-01-23 13:00:00-03:00,0.5048275589942932,0.5059311389923096,0.5008798241615295,0.5059311389923096,158738,0.0,0.0
2024-01-23 14:00:00-03:00,0.5058286786079407,0.5098942518234253,0.5058286786079407,0.5070762038230896,349544,0.0,0.0
2024-01-23 15:00:00-03:00,0.5070998668670654,0.5107886791229248,0.5041694045066833,0.5044366121292114,0,0.0,0.0
2024-01-23 16:00:00-03:00,0.5041276216506958,0.505829393863678,0.5022679567337036,0.5034239292144775,0,0.0,0.0
2024-01-23 17:00:00-03:00,0.5033738613128662,0.5060200095176697,0.5022779107093811,0.5033786296844482,0,0.0,0.0
2024-01-23 18:00:00-03:00,0.5036129951477051,0.5058354139328003,0.5014470219612122,0.5058354139328003,0,0.0,0.0
2024-01-23 19:00:00-03:00,0.5058382153511047,0.5154130458831787,0.5058382153511047,0.5153084993362427,0,0.0,0.0
2024-01-23 20:00:00-03:00,0.5149461627006531,0.5215492844581604,0.5141854286193848,0.5214921832084656,0,0.0,0.0
2024-01-23 21:00:00-03:00,0.5214619636535645,0.5248432755470276,0.5182636380195618,0.5246479511260986,0,0.0,0.0
2024-01-23 22:00:00-03:00,0.5246616005897522,0.5246616005897522,0.5139449238777161,0.5139449238777161,0,0.0,0.0
2024-01-23 23:00:00-03:00,0.5139813423156738,0.5166858434677124,0.5133800506591797,0.5144651532173157,0,0.0,0.0
2024-01-24 00:00:00-03:00,0.5144475102424622,0.515377938747406,0.5120840072631836,0.5120840072631836,0,0.0,0.0
2024-01-24 01:00:00-03:00,0.5120654702186584,0.5171237587928772,0.5120654702186584,0.5142152309417725,140498,0.0,0.0
2024-01-24 02:00:00-03:00,0.5142014622688293,0.518187940120697,0.514093279838562,0.5159594416618347,156508,0.0,0.0
2024-01-24 03:00:00-03:00,0.5159982442855835,0.5191789269447327,0.5139710307121277,0.5191789269447327,185236,0.0,0.0
2024-01-24 04:00:00-03:00,0.5191404819488525,0.5236974954605103,0.5181853771209717,0.521766722202301,0,0.0,0.0
2024-01-24 05:00:00-03:00,0.5217662453651428,0.5249953866004944,0.5214543342590332,0.524969756603241,0,0.0,0.0
2024-01-24 06:00:00-03:00,0.5245211720466614,0.5255805850028992,0.5220414996147156,0.52277010679245,0,0.0,0.0
2024-01-24 07:00:00-03:00,0.5228434205055237,0.5296703577041626,0.5228434205055237,0.5281659364700317,0,0.0,0.0
2024-01-24 08:00:00-03:00,0.5281580686569214,0.5281580686569214,0.5225329399108887,0.5233986377716064,0,0.0,0.0
2024-01-24 09:00:00-03:00,0.5234098434448242,0.526493489742279,0.5234098434448242,0.5235080122947693,0,0.0,0.0
2024-01-24 10:00:00-03:00,0.5233734250068665,0.5233734250068665,0.5177813768386841,0.5192078948020935,0,0.0,0.0
2024-01-24 11:00:00-03:00,0.5192092657089233,0.5234531760215759,0.5180195569992065,0.5199795365333557,0,0.0,0.0
2024-01-24 12:00:00-03:00,0.520026445388794,0.5283898115158081,0.520026445388794,0.5269891619682312,0,0.0,0.0
2024-01-24 13:00:00-03:00,0.5269980430603027,0.532648503780365,0.5256934762001038,0.532648503780365,0,0.0,0.0
2024-01-24 14:00:00-03:00,0.5326228141784668,0.5326660871505737,0.5299949049949646,0.5305662155151367,0,0.0,0.0
2024-01-24 15:00:00-03:00,0.5307068228721619,0.5310288667678833,0.5226665735244751,0.5257180333137512,108200,0.0,0.0
2024-01-24 16:00:00-03:00,0.5256872177124023,0.5269255638122559,0.5241826772689819,0.5258592367172241,36099,0.0,0.0
2024-01-24 17:00:00-03:00,0.5258402228355408,0.5282509922981262,0.5224331617355347,0.5226060152053833,0,0.0,0.0
2024-01-24 18:00:00-03:00,0.5227866172790527,0.5269783139228821,0.5227866172790527,0.5263599157333374,0,0.0,0.0
2024-01-24 19:00:00-03:00,0.5263857841491699,0.5298027992248535,0.526261568069458,0.5292356014251709,0,0.0,0.0
2024-01-24 20:00:00-03:00,0.5293222069740295,0.5348115563392639,0.5293222069740295,0.5337752103805542,0,0.0,0.0
2024-01-24 21:00:00-03:00,0.5337963700294495,0.5340253114700317,0.531711220741272,0.53336501121521,0,0.0,0.0
2024-01-24 22:00:00-03:00,0.5333873629570007,0.5406052470207214,0.5333873629570007,0.5342516899108887,886596,0.0,0.0
2024-01-24 23:00:00-03:00,0.5342481732368469,0.5408494472503662,0.5333060622215271,0.5333060622215271,580134,0.0,0.0
2024-01-25 00:00:00-03:00,0.5332416296005249,0.5353232622146606,0.5327960252761841,0.5352789163589478,205073,0.0,0.0
2024-01-25 01:00:00-03:00,0.5352742671966553,0.5423012375831604,0.5349053740501404,0.540142297744751,505582,0.0,0.0
2024-01-25 02:00:00-03:00,0.5399932265281677,0.5399932265281677,0.5327975749969482,0.5362803339958191,597418,0.0,0.0
2024-01-25 03:00:00-03:00,0.5363317728042603,0.5403043031692505,0.5328111052513123,0.5403043031692505,379964,0.0,0.0
2024-01-25 04:00:00-03:00,0.5405659079551697,0.5505288243293762,0.5405659079551697,0.5488438010215759,1948386,0.0,0.0
2024-01-25 05:00:00-03:00,0.5488032102584839,0.5547934770584106,0.546357274055481,0.5547934770584106,1307366,0.0,0.0
2024-01-25 06:00:00-03:00,0.5548014044761658,0.5713784694671631,0.5539988279342651,0.5676049590110779,7225232,0.0,0.0
2024-01-25 07:00:00-03:00,0.5667856335639954,0.5699468851089478,0.5568196773529053,0.5690784454345703,4471448,0.0,0.0
2024-01-25 08:00:00-03:00,0.5686762928962708,0.5700228810310364,0.5592172145843506,0.5599175095558167,2282876,0.0,0.0
2024-01-25 09:00:00-03:00,0.5599654912948608,0.5599654912948608,0.5506289005279541,0.5506289005279541,2476056,0.0,0.0
2024-01-25 10:00:00-03:00,0.550420343875885,0.552207887172699,0.5462102293968201,0.547674298286438,1233280,0.0,0.0
2024-01-25 11:00:00-03:00,0.5476710796356201,0.5476869940757751,0.5416731834411621,0.5434959530830383,1311444,0.0,0.0
2024-01-25 12:00:00-03:00,0.5439615845680237,0.5439615845680237,0.5375532507896423,0.5383526682853699,603932,0.0,0.0
2024-01-25 13:00:00-03:00,0.5380769968032837,0.5380769968032837,0.5266153812408447,0.5266153812408447,943256,0.0,0.0
2024-01-25 14:00:00-03:00,0.5262812972068787,0.5344279408454895,0.5248463749885559,0.5344279408454895,604804,0.0,0.0
2024-01-25 15:00:00-03:00,0.5344768166542053,0.5406686067581177,0.5344768166542053,0.5377252101898193,398360,0.0,0.0
2024-01-25 16:00:00-03:00,0.537640392780304,0.5418204069137573,0.5361469984054565,0.5418181419372559,191376,0.0,0.0
2024-01-25 17:00:00-03:00,0.5417919158935547,0.5424906611442566,0.5342223644256592,0.5364734530448914,331948,0.0,0.0
2024-01-25 18:00:00-03:00,0.5366474390029907,0.542708158493042,0.5366474390029907,0.5420967936515808,512864,0.0,0.0
2024-01-25 19:00:00-03:00,0.5420800447463989,0.5426750779151917,0.5387251377105713,0.5424020886421204,442140,0.0,0.0
2024-01-25 20:00:00-03:00,0.5425246357917786,0.5425246357917786,0.5388181209564209,0.5389581918716431,0,0.0,0.0
2024-01-25 21:00:00-03:00,0.5391787886619568,0.5397804379463196,0.531998872756958,0.5325933694839478,955132,0.0,0.0
2024-01-25 22:00:00-03:00,0.5327342748641968,0.5548481345176697,0.5299208164215088,0.5548481345176697,2919580,0.0,0.0
2024-01-25 23:00:00-03:00,0.5557538866996765,0.5637426972389221,0.5540961027145386,0.5590953826904297,2986428,0.0,0.0
2024-01-26 00:00:00-03:00,0.559047520160675,0.5640376210212708,0.5586398243904114,0.5635972023010254,2054552,0.0,0.0
2024-01-26 01:00:00-03:00,0.5636001229286194,0.565270185470581,0.560039222240448,0.564140796661377,1404196,0.0,0.0
2024-01-26 02:00:00-03:00,0.5641112327575684,0.5670042037963867,0.5619697570800781,0.5661564469337463,3728716,0.0,0.0
2024-01-26 03:00:00-03:00,0.5661213397979736,0.5739752054214478,0.5660668611526489,0.5737628936767578,2933736,0.0,0.0
2024-01-26 04:00:00-03:00,0.5737115144729614,0.5783749222755432,0.572197437286377,0.5740568041801453,5426200,0.0,0.0
2024-01-26 05:00:00-03:00,0.5741646885871887,0.5801166892051697,0.5724855661392212,0.5735982060432434,2441868,0.0,0.0
2024-01-26 06:00:00-03:00,0.5734814405441284,0.5793046355247498,0.573083758354187,0.5791026949882507,0,0.0,0.0
2024-01-26 07:00:00-03:00,0.5783273577690125,0.5842289924621582,0.5745490789413452,0.5810890197753906,0,0.0,0.0
2024-01-26 08:00:00-03:00,0.5809147953987122,0.5814480781555176,0.5756962895393372,0.5771101713180542,661712,0.0,0.0
2024-01-26 09:00:00-03:00,0.5771638751029968,0.578364908695221,0.5680100917816162,0.5688938498497009,0,0.0,0.0
2024-01-26 10:00:00-03:00,0.5688712000846863,0.5707166790962219,0.568367600440979,0.5706918239593506,0,0.0,0.0
2024-01-26 11:00:00-03:00,0.5706872940063477,0.5757777690887451,0.5699235200881958,0.5757777690887451,0,0.0,0.0
2024-01-26 12:00:00-03:00,0.5757673978805542,0.5840936899185181,0.5740984678268433,0.5821406245231628,1807364,0.0,0.0
2024-01-26 13:00:00-03:00,0.5820932388305664,0.5820932388305664,0.5771203637123108,0.5773382782936096,1444600,0.0,0.0
2024-01-26 14:00:00-03:00,0.5772896409034729,0.5797140002250671,0.5760716795921326,0.5771600008010864,422296,0.0,0.0
2024-01-26 15:00:00-03:00,0.5771795511245728,0.5808387398719788,0.5771795511245728,0.579886794090271,276860,0.0,0.0
